"","source","target","ligand","receptor","prob","pval","interaction_name","interaction_name_2","pathway_name","annotation","evidence"
"1","Neutrophils and macrophages","Neutrophils and macrophages","TGFB1","TGFbR1_R2",1.2540850009088e-05,0,"TGFB1_TGFBR1_TGFBR2","TGFB1 - (TGFBR1+TGFBR2)","TGFb","Secreted Signaling","KEGG: hsa04350"
"2","Neutrophils and macrophages","Liver epithelial cells 1","TGFB1","ACVR1B_TGFbR2",7.59196051120929e-05,0,"TGFB1_ACVR1B_TGFBR2","TGFB1 - (ACVR1B+TGFBR2)","TGFb","Secreted Signaling","PMID: 27449815"
"3","Neutrophils and macrophages","Liver epithelial cells 2","TGFB1","ACVR1B_TGFbR2",4.71860371484593e-05,0,"TGFB1_ACVR1B_TGFBR2","TGFB1 - (ACVR1B+TGFBR2)","TGFb","Secreted Signaling","PMID: 27449815"
"4","Neutrophils and macrophages","Liver epithelial cells 3","TGFB1","ACVR1B_TGFbR2",1.67289300537467e-05,0,"TGFB1_ACVR1B_TGFBR2","TGFB1 - (ACVR1B+TGFBR2)","TGFb","Secreted Signaling","PMID: 27449815"
"5","Neutrophils and macrophages","Liver epithelial cells 6","TGFB1","ACVR1B_TGFbR2",1.51958236627742e-06,0,"TGFB1_ACVR1B_TGFBR2","TGFB1 - (ACVR1B+TGFBR2)","TGFb","Secreted Signaling","PMID: 27449815"
"6","Neutrophils and macrophages","Endothelial cells","TGFB1","ACVR1B_TGFbR2",3.03965364285569e-05,0,"TGFB1_ACVR1B_TGFBR2","TGFB1 - (ACVR1B+TGFBR2)","TGFb","Secreted Signaling","PMID: 27449815"
"7","Endothelial cells","Liver epithelial cells 1","BMP6","ACVR1_BMPR2",4.58952142099949e-05,0,"BMP6_ACVR1_BMPR2","BMP6 - (ACVR1+BMPR2)","BMP","Secreted Signaling","KEGG: hsa04350; PMID:26893264"
"8","Endothelial cells","Liver epithelial cells 2","BMP6","ACVR1_BMPR2",3.45392340324738e-05,0,"BMP6_ACVR1_BMPR2","BMP6 - (ACVR1+BMPR2)","BMP","Secreted Signaling","KEGG: hsa04350; PMID:26893264"
"9","Endothelial cells","Liver epithelial cells 3","BMP6","ACVR1_BMPR2",2.31400482240563e-05,0,"BMP6_ACVR1_BMPR2","BMP6 - (ACVR1+BMPR2)","BMP","Secreted Signaling","KEGG: hsa04350; PMID:26893264"
"10","Endothelial cells","Liver epithelial cells 4","BMP6","ACVR1_BMPR2",4.67092193098021e-06,0,"BMP6_ACVR1_BMPR2","BMP6 - (ACVR1+BMPR2)","BMP","Secreted Signaling","KEGG: hsa04350; PMID:26893264"
"11","Endothelial cells","Liver epithelial cells 6","BMP6","ACVR1_BMPR2",1.78098931514054e-06,0,"BMP6_ACVR1_BMPR2","BMP6 - (ACVR1+BMPR2)","BMP","Secreted Signaling","KEGG: hsa04350; PMID:26893264"
"12","Endothelial cells","Cholangiocyte cells","BMP6","ACVR1_BMPR2",2.38332968644936e-05,0,"BMP6_ACVR1_BMPR2","BMP6 - (ACVR1+BMPR2)","BMP","Secreted Signaling","KEGG: hsa04350; PMID:26893264"
"13","Endothelial cells","Liver epithelial cells 1","BMP6","BMPR1A_BMPR2",4.58952142099949e-05,0,"BMP6_BMPR1A_BMPR2","BMP6 - (BMPR1A+BMPR2)","BMP","Secreted Signaling","KEGG: hsa04350; PMID:26893264"
"14","Endothelial cells","Liver epithelial cells 2","BMP6","BMPR1A_BMPR2",3.45392340324738e-05,0,"BMP6_BMPR1A_BMPR2","BMP6 - (BMPR1A+BMPR2)","BMP","Secreted Signaling","KEGG: hsa04350; PMID:26893264"
"15","Endothelial cells","Liver epithelial cells 3","BMP6","BMPR1A_BMPR2",2.31400482240563e-05,0,"BMP6_BMPR1A_BMPR2","BMP6 - (BMPR1A+BMPR2)","BMP","Secreted Signaling","KEGG: hsa04350; PMID:26893264"
"16","Endothelial cells","Liver epithelial cells 4","BMP6","BMPR1A_BMPR2",4.67092193098021e-06,0,"BMP6_BMPR1A_BMPR2","BMP6 - (BMPR1A+BMPR2)","BMP","Secreted Signaling","KEGG: hsa04350; PMID:26893264"
"17","Endothelial cells","Liver epithelial cells 6","BMP6","BMPR1A_BMPR2",1.78098931514054e-06,0,"BMP6_BMPR1A_BMPR2","BMP6 - (BMPR1A+BMPR2)","BMP","Secreted Signaling","KEGG: hsa04350; PMID:26893264"
"18","Endothelial cells","Stellate cells","BMP6","BMPR1A_BMPR2",3.16866000873897e-05,0,"BMP6_BMPR1A_BMPR2","BMP6 - (BMPR1A+BMPR2)","BMP","Secreted Signaling","KEGG: hsa04350; PMID:26893264"
"19","Endothelial cells","Cholangiocyte cells","BMP6","BMPR1A_BMPR2",2.99880623753349e-05,0,"BMP6_BMPR1A_BMPR2","BMP6 - (BMPR1A+BMPR2)","BMP","Secreted Signaling","KEGG: hsa04350; PMID:26893264"
"20","Endothelial cells","Stellate cells","BMP6","BMPR1B_BMPR2",3.16866000873897e-05,0,"BMP6_BMPR1B_BMPR2","BMP6 - (BMPR1B+BMPR2)","BMP","Secreted Signaling","KEGG: hsa04350; PMID:26893264"
"21","Liver epithelial cells 1","Liver epithelial cells 1","NRG1","ERBB3",0.000855558534346301,0,"NRG1_ERBB3","NRG1 - ERBB3","NRG","Secreted Signaling","KEGG: hsa04012"
"22","Liver epithelial cells 2","Liver epithelial cells 1","NRG1","ERBB3",0.000189861410648169,0,"NRG1_ERBB3","NRG1 - ERBB3","NRG","Secreted Signaling","KEGG: hsa04012"
"23","Liver epithelial cells 3","Liver epithelial cells 1","NRG1","ERBB3",6.37388818869365e-05,0,"NRG1_ERBB3","NRG1 - ERBB3","NRG","Secreted Signaling","KEGG: hsa04012"
"24","Liver epithelial cells 4","Liver epithelial cells 1","NRG1","ERBB3",0.000104859265928258,0,"NRG1_ERBB3","NRG1 - ERBB3","NRG","Secreted Signaling","KEGG: hsa04012"
"25","Liver epithelial cells 5","Liver epithelial cells 1","NRG1","ERBB3",2.64813996174777e-05,0,"NRG1_ERBB3","NRG1 - ERBB3","NRG","Secreted Signaling","KEGG: hsa04012"
"26","Cholangiocyte cells","Liver epithelial cells 1","NRG1","ERBB3",9.40606710330989e-05,0,"NRG1_ERBB3","NRG1 - ERBB3","NRG","Secreted Signaling","KEGG: hsa04012"
"27","Liver epithelial cells 1","Liver epithelial cells 4","NRG1","ERBB3",8.97366053587063e-05,0,"NRG1_ERBB3","NRG1 - ERBB3","NRG","Secreted Signaling","KEGG: hsa04012"
"28","Liver epithelial cells 2","Liver epithelial cells 4","NRG1","ERBB3",1.99139133048327e-05,0,"NRG1_ERBB3","NRG1 - ERBB3","NRG","Secreted Signaling","KEGG: hsa04012"
"29","Liver epithelial cells 3","Liver epithelial cells 4","NRG1","ERBB3",6.68535308839321e-06,0,"NRG1_ERBB3","NRG1 - ERBB3","NRG","Secreted Signaling","KEGG: hsa04012"
"30","Liver epithelial cells 4","Liver epithelial cells 4","NRG1","ERBB3",1.09983293802303e-05,0,"NRG1_ERBB3","NRG1 - ERBB3","NRG","Secreted Signaling","KEGG: hsa04012"
"31","Liver epithelial cells 5","Liver epithelial cells 4","NRG1","ERBB3",2.77754333738891e-06,0,"NRG1_ERBB3","NRG1 - ERBB3","NRG","Secreted Signaling","KEGG: hsa04012"
"32","Cholangiocyte cells","Liver epithelial cells 4","NRG1","ERBB3",9.86570173450667e-06,0,"NRG1_ERBB3","NRG1 - ERBB3","NRG","Secreted Signaling","KEGG: hsa04012"
"33","Liver epithelial cells 1","Liver epithelial cells 6","NRG1","ERBB3",2.90078794066516e-05,0,"NRG1_ERBB3","NRG1 - ERBB3","NRG","Secreted Signaling","KEGG: hsa04012"
"34","Liver epithelial cells 2","Liver epithelial cells 6","NRG1","ERBB3",6.4372882543529e-06,0,"NRG1_ERBB3","NRG1 - ERBB3","NRG","Secreted Signaling","KEGG: hsa04012"
"35","Liver epithelial cells 3","Liver epithelial cells 6","NRG1","ERBB3",2.16107925415501e-06,0,"NRG1_ERBB3","NRG1 - ERBB3","NRG","Secreted Signaling","KEGG: hsa04012"
"36","Liver epithelial cells 4","Liver epithelial cells 6","NRG1","ERBB3",3.55527391593491e-06,0,"NRG1_ERBB3","NRG1 - ERBB3","NRG","Secreted Signaling","KEGG: hsa04012"
"37","Liver epithelial cells 5","Liver epithelial cells 6","NRG1","ERBB3",8.97857032318741e-07,0,"NRG1_ERBB3","NRG1 - ERBB3","NRG","Secreted Signaling","KEGG: hsa04012"
"38","Cholangiocyte cells","Liver epithelial cells 6","NRG1","ERBB3",3.1891454444103e-06,0,"NRG1_ERBB3","NRG1 - ERBB3","NRG","Secreted Signaling","KEGG: hsa04012"
"39","Liver epithelial cells 1","Liver epithelial cells 4","NRG1","ERBB2_ERBB3",8.97366053587063e-05,0,"NRG1_ERBB2_ERBB3","NRG1 - (ERBB2+ERBB3)","NRG","Secreted Signaling","KEGG: hsa04012"
"40","Liver epithelial cells 2","Liver epithelial cells 4","NRG1","ERBB2_ERBB3",1.99139133048327e-05,0,"NRG1_ERBB2_ERBB3","NRG1 - (ERBB2+ERBB3)","NRG","Secreted Signaling","KEGG: hsa04012"
"41","Liver epithelial cells 3","Liver epithelial cells 4","NRG1","ERBB2_ERBB3",6.68535308839321e-06,0,"NRG1_ERBB2_ERBB3","NRG1 - (ERBB2+ERBB3)","NRG","Secreted Signaling","KEGG: hsa04012"
"42","Liver epithelial cells 4","Liver epithelial cells 4","NRG1","ERBB2_ERBB3",1.09983293802303e-05,0,"NRG1_ERBB2_ERBB3","NRG1 - (ERBB2+ERBB3)","NRG","Secreted Signaling","KEGG: hsa04012"
"43","Liver epithelial cells 5","Liver epithelial cells 4","NRG1","ERBB2_ERBB3",2.77754333738891e-06,0,"NRG1_ERBB2_ERBB3","NRG1 - (ERBB2+ERBB3)","NRG","Secreted Signaling","KEGG: hsa04012"
"44","Cholangiocyte cells","Liver epithelial cells 4","NRG1","ERBB2_ERBB3",9.86570173450667e-06,0,"NRG1_ERBB2_ERBB3","NRG1 - (ERBB2+ERBB3)","NRG","Secreted Signaling","KEGG: hsa04012"
"45","Liver epithelial cells 1","Endothelial cells","NRG1","ITGAV_ITGB3",0.000642329838754379,0,"NRG1_ITGAV_ITGB3","NRG1 - (ITGAV+ITGB3)","NRG","Secreted Signaling","PMID: 20682778"
"46","Liver epithelial cells 2","Endothelial cells","NRG1","ITGAV_ITGB3",0.000143626578663744,0,"NRG1_ITGAV_ITGB3","NRG1 - (ITGAV+ITGB3)","NRG","Secreted Signaling","PMID: 20682778"
"47","Liver epithelial cells 3","Endothelial cells","NRG1","ITGAV_ITGB3",4.83106245812327e-05,0,"NRG1_ITGAV_ITGB3","NRG1 - (ITGAV+ITGB3)","NRG","Secreted Signaling","PMID: 20682778"
"48","Liver epithelial cells 4","Endothelial cells","NRG1","ITGAV_ITGB3",7.85746259830739e-05,0,"NRG1_ITGAV_ITGB3","NRG1 - (ITGAV+ITGB3)","NRG","Secreted Signaling","PMID: 20682778"
"49","Liver epithelial cells 5","Endothelial cells","NRG1","ITGAV_ITGB3",2.00714684260529e-05,0,"NRG1_ITGAV_ITGB3","NRG1 - (ITGAV+ITGB3)","NRG","Secreted Signaling","PMID: 20682778"
"50","Cholangiocyte cells","Endothelial cells","NRG1","ITGAV_ITGB3",7.1212169356523e-05,0,"NRG1_ITGAV_ITGB3","NRG1 - (ITGAV+ITGB3)","NRG","Secreted Signaling","PMID: 20682778"
"51","Liver epithelial cells 1","Stellate cells","PDGFC","PDGFRA",6.26636622503223e-05,0,"PDGFC_PDGFRA","PDGFC - PDGFRA","PDGF","Secreted Signaling","PMID: 15207812"
"52","Liver epithelial cells 2","Stellate cells","PDGFC","PDGFRA",4.12034341506103e-05,0,"PDGFC_PDGFRA","PDGFC - PDGFRA","PDGF","Secreted Signaling","PMID: 15207812"
"53","Liver epithelial cells 3","Stellate cells","PDGFC","PDGFRA",2.76048233248432e-05,0,"PDGFC_PDGFRA","PDGFC - PDGFRA","PDGF","Secreted Signaling","PMID: 15207812"
"54","Liver epithelial cells 4","Stellate cells","PDGFC","PDGFRA",6.57257698210551e-06,0,"PDGFC_PDGFRA","PDGFC - PDGFRA","PDGF","Secreted Signaling","PMID: 15207812"
"55","Liver epithelial cells 5","Stellate cells","PDGFC","PDGFRA",1.14688920827283e-05,0,"PDGFC_PDGFRA","PDGFC - PDGFRA","PDGF","Secreted Signaling","PMID: 15207812"
"56","Liver epithelial cells 6","Stellate cells","PDGFC","PDGFRA",2.12462372212248e-06,0,"PDGFC_PDGFRA","PDGFC - PDGFRA","PDGF","Secreted Signaling","PMID: 15207812"
"57","Neutrophils and macrophages","Stellate cells","PDGFC","PDGFRA",6.51125193314754e-05,0,"PDGFC_PDGFRA","PDGFC - PDGFRA","PDGF","Secreted Signaling","PMID: 15207812"
"58","Cholangiocyte cells","Stellate cells","PDGFC","PDGFRA",0.000170450126855778,0,"PDGFC_PDGFRA","PDGFC - PDGFRA","PDGF","Secreted Signaling","PMID: 15207812"
"59","Cholangiocyte cells","Stellate cells","PDGFD","PDGFRB",7.39624636197008e-05,0,"PDGFD_PDGFRB","PDGFD - PDGFRB","PDGF","Secreted Signaling","PMID: 15207812"
"60","Liver epithelial cells 1","Endothelial cells","VEGFA","FLT1",0.000737179104825875,0,"VEGFA_VEGFR1","VEGFA - VEGFR1","VEGF","Secreted Signaling","KEGG: hsa04370; PMID: 16633338"
"61","Liver epithelial cells 2","Endothelial cells","VEGFA","FLT1",0.000484719686212444,0,"VEGFA_VEGFR1","VEGFA - VEGFR1","VEGF","Secreted Signaling","KEGG: hsa04370; PMID: 16633338"
"62","Liver epithelial cells 3","Endothelial cells","VEGFA","FLT1",0.000923086340057786,0,"VEGFA_VEGFR1","VEGFA - VEGFR1","VEGF","Secreted Signaling","KEGG: hsa04370; PMID: 16633338"
"63","Liver epithelial cells 4","Endothelial cells","VEGFA","FLT1",7.73201923103813e-05,0,"VEGFA_VEGFR1","VEGFA - VEGFR1","VEGF","Secreted Signaling","KEGG: hsa04370; PMID: 16633338"
"64","Liver epithelial cells 5","Endothelial cells","VEGFA","FLT1",0.000134920738674937,0,"VEGFA_VEGFR1","VEGFA - VEGFR1","VEGF","Secreted Signaling","KEGG: hsa04370; PMID: 16633338"
"65","Liver epithelial cells 6","Endothelial cells","VEGFA","FLT1",8.36150812339021e-05,0,"VEGFA_VEGFR1","VEGFA - VEGFR1","VEGF","Secreted Signaling","KEGG: hsa04370; PMID: 16633338"
"66","Cholangiocyte cells","Endothelial cells","VEGFA","FLT1",0.000302747512681966,0,"VEGFA_VEGFR1","VEGFA - VEGFR1","VEGF","Secreted Signaling","KEGG: hsa04370; PMID: 16633338"
"67","Liver epithelial cells 1","Endothelial cells","VEGFA","KDR",7.72046001227897e-05,0,"VEGFA_VEGFR2","VEGFA - VEGFR2","VEGF","Secreted Signaling","KEGG: hsa04370; PMID: 16633338"
"68","Liver epithelial cells 2","Endothelial cells","VEGFA","KDR",5.07645825833808e-05,0,"VEGFA_VEGFR2","VEGFA - VEGFR2","VEGF","Secreted Signaling","KEGG: hsa04370; PMID: 16633338"
"69","Liver epithelial cells 3","Endothelial cells","VEGFA","KDR",0.00010144267163872,0,"VEGFA_VEGFR2","VEGFA - VEGFR2","VEGF","Secreted Signaling","KEGG: hsa04370; PMID: 16633338"
"70","Liver epithelial cells 4","Endothelial cells","VEGFA","KDR",8.09772616947709e-06,0,"VEGFA_VEGFR2","VEGFA - VEGFR2","VEGF","Secreted Signaling","KEGG: hsa04370; PMID: 16633338"
"71","Liver epithelial cells 5","Endothelial cells","VEGFA","KDR",1.41302183003821e-05,0,"VEGFA_VEGFR2","VEGFA - VEGFR2","VEGF","Secreted Signaling","KEGG: hsa04370; PMID: 16633338"
"72","Liver epithelial cells 6","Endothelial cells","VEGFA","KDR",9.31427043978779e-06,0,"VEGFA_VEGFR2","VEGFA - VEGFR2","VEGF","Secreted Signaling","KEGG: hsa04370; PMID: 16633338"
"73","Cholangiocyte cells","Endothelial cells","VEGFA","KDR",3.17066782031231e-05,0,"VEGFA_VEGFR2","VEGFA - VEGFR2","VEGF","Secreted Signaling","KEGG: hsa04370; PMID: 16633338"
"74","Stellate cells","Endothelial cells","VEGFC","FLT4",1.58778546721483e-05,0,"VEGFC_VEGFR3","VEGFC - VEGFR3","VEGF","Secreted Signaling","KEGG: hsa04370; PMID: 16633338"
"75","Stellate cells","Endothelial cells","VEGFC","KDR",2.11231384188298e-05,0,"VEGFC_VEGFR2","VEGFC - VEGFR2","VEGF","Secreted Signaling","KEGG: hsa04370; PMID: 16633338"
"76","Liver epithelial cells 1","Endothelial cells","VEGFA","FLT1_KDR",0.000276656590776193,0,"VEGFA_VEGFR1R2","VEGFA - VEGFR1R2","VEGF","Secreted Signaling","PMID: 16633338"
"77","Liver epithelial cells 2","Endothelial cells","VEGFA","FLT1_KDR",0.000181910874835927,0,"VEGFA_VEGFR1R2","VEGFA - VEGFR1R2","VEGF","Secreted Signaling","PMID: 16633338"
"78","Liver epithelial cells 3","Endothelial cells","VEGFA","FLT1_KDR",0.000358173144492951,0,"VEGFA_VEGFR1R2","VEGFA - VEGFR1R2","VEGF","Secreted Signaling","PMID: 16633338"
"79","Liver epithelial cells 4","Endothelial cells","VEGFA","FLT1_KDR",2.90175625742978e-05,0,"VEGFA_VEGFR1R2","VEGFA - VEGFR1R2","VEGF","Secreted Signaling","PMID: 16633338"
"80","Liver epithelial cells 5","Endothelial cells","VEGFA","FLT1_KDR",5.0634521980422e-05,0,"VEGFA_VEGFR1R2","VEGFA - VEGFR1R2","VEGF","Secreted Signaling","PMID: 16633338"
"81","Liver epithelial cells 6","Endothelial cells","VEGFA","FLT1_KDR",3.27471496237894e-05,0,"VEGFA_VEGFR1R2","VEGFA - VEGFR1R2","VEGF","Secreted Signaling","PMID: 16633338"
"82","Cholangiocyte cells","Endothelial cells","VEGFA","FLT1_KDR",0.000113618378730836,0,"VEGFA_VEGFR1R2","VEGFA - VEGFR1R2","VEGF","Secreted Signaling","PMID: 16633338"
"83","Stellate cells","Endothelial cells","VEGFC","FLT4_KDR",2.11231384188298e-05,0,"VEGFC_VEGFR2R3","VEGFC - VEGFR2R3","VEGF","Secreted Signaling","PMID: 16633338"
"84","Liver epithelial cells 1","Endothelial cells","IGF1","IGF1R",0.000253050472597765,0,"IGF1_IGF1R","IGF1 - IGF1R","IGF","Secreted Signaling","PMID: 14604834"
"85","Liver epithelial cells 2","Endothelial cells","IGF1","IGF1R",0.000114983678488816,0,"IGF1_IGF1R","IGF1 - IGF1R","IGF","Secreted Signaling","PMID: 14604834"
"86","Liver epithelial cells 3","Endothelial cells","IGF1","IGF1R",0.000302446341868414,0,"IGF1_IGF1R","IGF1 - IGF1R","IGF","Secreted Signaling","PMID: 14604834"
"87","Liver epithelial cells 4","Endothelial cells","IGF1","IGF1R",1.69091975433064e-05,0,"IGF1_IGF1R","IGF1 - IGF1R","IGF","Secreted Signaling","PMID: 14604834"
"88","Liver epithelial cells 5","Endothelial cells","IGF1","IGF1R",5.45342726560143e-05,0,"IGF1_IGF1R","IGF1 - IGF1R","IGF","Secreted Signaling","PMID: 14604834"
"89","Liver epithelial cells 6","Endothelial cells","IGF1","IGF1R",2.07896183748396e-05,0,"IGF1_IGF1R","IGF1 - IGF1R","IGF","Secreted Signaling","PMID: 14604834"
"90","Liver epithelial cells 1","Stellate cells","IGF1","IGF1R",3.83606174613013e-05,0,"IGF1_IGF1R","IGF1 - IGF1R","IGF","Secreted Signaling","PMID: 14604834"
"91","Liver epithelial cells 2","Stellate cells","IGF1","IGF1R",1.73648889438252e-05,0,"IGF1_IGF1R","IGF1 - IGF1R","IGF","Secreted Signaling","PMID: 14604834"
"92","Liver epithelial cells 3","Stellate cells","IGF1","IGF1R",4.6437137379632e-05,0,"IGF1_IGF1R","IGF1 - IGF1R","IGF","Secreted Signaling","PMID: 14604834"
"93","Liver epithelial cells 4","Stellate cells","IGF1","IGF1R",2.55363492738909e-06,0,"IGF1_IGF1R","IGF1 - IGF1R","IGF","Secreted Signaling","PMID: 14604834"
"94","Liver epithelial cells 5","Stellate cells","IGF1","IGF1R",8.26700045414635e-06,0,"IGF1_IGF1R","IGF1 - IGF1R","IGF","Secreted Signaling","PMID: 14604834"
"95","Liver epithelial cells 6","Stellate cells","IGF1","IGF1R",3.19200542674301e-06,0,"IGF1_IGF1R","IGF1 - IGF1R","IGF","Secreted Signaling","PMID: 14604834"
"96","Liver epithelial cells 1","Endothelial cells","IGF1","ITGAV_ITGB3",0.000120649903810322,0,"IGF1_ITGAV_ITGB3","IGF1 - (ITGAV+ITGB3)","IGF","Secreted Signaling","PMID: 28190785; PMID: 28873464"
"97","Liver epithelial cells 2","Endothelial cells","IGF1","ITGAV_ITGB3",5.46770996439217e-05,0,"IGF1_ITGAV_ITGB3","IGF1 - (ITGAV+ITGB3)","IGF","Secreted Signaling","PMID: 28190785; PMID: 28873464"
"98","Liver epithelial cells 3","Endothelial cells","IGF1","ITGAV_ITGB3",0.000145491636248903,0,"IGF1_ITGAV_ITGB3","IGF1 - (ITGAV+ITGB3)","IGF","Secreted Signaling","PMID: 28190785; PMID: 28873464"
"99","Liver epithelial cells 4","Endothelial cells","IGF1","ITGAV_ITGB3",8.04067056407529e-06,0,"IGF1_ITGAV_ITGB3","IGF1 - (ITGAV+ITGB3)","IGF","Secreted Signaling","PMID: 28190785; PMID: 28873464"
"100","Liver epithelial cells 5","Endothelial cells","IGF1","ITGAV_ITGB3",2.60009581597285e-05,0,"IGF1_ITGAV_ITGB3","IGF1 - (ITGAV+ITGB3)","IGF","Secreted Signaling","PMID: 28190785; PMID: 28873464"
"101","Liver epithelial cells 6","Endothelial cells","IGF1","ITGAV_ITGB3",1.00008337864494e-05,0,"IGF1_ITGAV_ITGB3","IGF1 - (ITGAV+ITGB3)","IGF","Secreted Signaling","PMID: 28190785; PMID: 28873464"
"102","Liver epithelial cells 5","Neutrophils and macrophages","MIF","CD74_CD44",2.30335536118828e-05,0,"MIF_CD74_CD44","MIF - (CD74+CD44)","MIF","Secreted Signaling","PMID: 29637711; PMID: 26175090"
"103","Liver epithelial cells 1","Liver epithelial cells 2","TNFSF14","LTBR",9.51377515355584e-05,0,"TNFSF14_LTBR","TNFSF14 - LTBR","LIGHT","Secreted Signaling","KEGG: hsa04060"
"104","Liver epithelial cells 2","Liver epithelial cells 2","TNFSF14","LTBR",6.25562238123474e-05,0,"TNFSF14_LTBR","TNFSF14 - LTBR","LIGHT","Secreted Signaling","KEGG: hsa04060"
"105","Liver epithelial cells 3","Liver epithelial cells 2","TNFSF14","LTBR",4.19104266866945e-05,0,"TNFSF14_LTBR","TNFSF14 - LTBR","LIGHT","Secreted Signaling","KEGG: hsa04060"
"106","Liver epithelial cells 4","Liver epithelial cells 2","TNFSF14","LTBR",9.97867302064154e-06,0,"TNFSF14_LTBR","TNFSF14 - LTBR","LIGHT","Secreted Signaling","KEGG: hsa04060"
"107","Liver epithelial cells 6","Liver epithelial cells 2","TNFSF14","LTBR",3.2256640694632e-06,0,"TNFSF14_LTBR","TNFSF14 - LTBR","LIGHT","Secreted Signaling","KEGG: hsa04060"
"108","Liver epithelial cells 1","Liver epithelial cells 3","TNFSF14","LTBR",6.37388818869365e-05,0,"TNFSF14_LTBR","TNFSF14 - LTBR","LIGHT","Secreted Signaling","KEGG: hsa04060"
"109","Liver epithelial cells 2","Liver epithelial cells 3","TNFSF14","LTBR",4.19104266866945e-05,0,"TNFSF14_LTBR","TNFSF14 - LTBR","LIGHT","Secreted Signaling","KEGG: hsa04060"
"110","Liver epithelial cells 3","Liver epithelial cells 3","TNFSF14","LTBR",2.80784829712515e-05,0,"TNFSF14_LTBR","TNFSF14 - LTBR","LIGHT","Secreted Signaling","KEGG: hsa04060"
"111","Liver epithelial cells 4","Liver epithelial cells 3","TNFSF14","LTBR",6.68535308839321e-06,0,"TNFSF14_LTBR","TNFSF14 - LTBR","LIGHT","Secreted Signaling","KEGG: hsa04060"
"112","Liver epithelial cells 6","Liver epithelial cells 3","TNFSF14","LTBR",2.16107925415501e-06,0,"TNFSF14_LTBR","TNFSF14 - LTBR","LIGHT","Secreted Signaling","KEGG: hsa04060"
"113","Liver epithelial cells 1","Liver epithelial cells 6","TNFSF14","LTBR",4.90570574877307e-06,0,"TNFSF14_LTBR","TNFSF14 - LTBR","LIGHT","Secreted Signaling","KEGG: hsa04060"
"114","Liver epithelial cells 2","Liver epithelial cells 6","TNFSF14","LTBR",3.2256640694632e-06,0,"TNFSF14_LTBR","TNFSF14 - LTBR","LIGHT","Secreted Signaling","KEGG: hsa04060"
"115","Liver epithelial cells 3","Liver epithelial cells 6","TNFSF14","LTBR",2.16107925415501e-06,0,"TNFSF14_LTBR","TNFSF14 - LTBR","LIGHT","Secreted Signaling","KEGG: hsa04060"
"116","Liver epithelial cells 4","Liver epithelial cells 6","TNFSF14","LTBR",5.14542679560718e-07,0,"TNFSF14_LTBR","TNFSF14 - LTBR","LIGHT","Secreted Signaling","KEGG: hsa04060"
"117","Liver epithelial cells 6","Liver epithelial cells 6","TNFSF14","LTBR",1.66328912695209e-07,0,"TNFSF14_LTBR","TNFSF14 - LTBR","LIGHT","Secreted Signaling","KEGG: hsa04060"
"118","Cholangiocyte cells","Stellate cells","SPP1","CD44",1.62576614532781e-05,0,"SPP1_CD44","SPP1 - CD44","SPP1","Secreted Signaling","PMID: 21907263"
"119","Cholangiocyte cells","Neutrophils and macrophages","SPP1","CD44",0.000107760152133962,0,"SPP1_CD44","SPP1 - CD44","SPP1","Secreted Signaling","PMID: 21907263"
"120","Cholangiocyte cells","Lymphocytes","SPP1","CD44",1.07757935999379e-05,0,"SPP1_CD44","SPP1 - CD44","SPP1","Secreted Signaling","PMID: 21907263"
"121","Cholangiocyte cells","Endothelial cells","SPP1","ITGAV_ITGB3",4.50381994757856e-05,0,"SPP1_ITGAV_ITGB3","SPP1 - (ITGAV+ITGB3)","SPP1","Secreted Signaling","PMID: 21907263"
"122","Cholangiocyte cells","Liver epithelial cells 2","SPP1","ITGAV_ITGB1",9.92158526044774e-05,0,"SPP1_ITGAV_ITGB1","SPP1 - (ITGAV+ITGB1)","SPP1","Secreted Signaling","PMID: 21907263"
"123","Cholangiocyte cells","Liver epithelial cells 5","SPP1","ITGAV_ITGB1",2.54119079876343e-05,0,"SPP1_ITGAV_ITGB1","SPP1 - (ITGAV+ITGB1)","SPP1","Secreted Signaling","PMID: 21907263"
"124","Cholangiocyte cells","Liver epithelial cells 6","SPP1","ITGAV_ITGB1",4.56821309445577e-06,0,"SPP1_ITGAV_ITGB1","SPP1 - (ITGAV+ITGB1)","SPP1","Secreted Signaling","PMID: 21907263"
"125","Cholangiocyte cells","Endothelial cells","SPP1","ITGAV_ITGB1",8.49624684292085e-05,0,"SPP1_ITGAV_ITGB1","SPP1 - (ITGAV+ITGB1)","SPP1","Secreted Signaling","PMID: 21907263"
"126","Cholangiocyte cells","Stellate cells","SPP1","ITGAV_ITGB1",4.63499270883941e-05,0,"SPP1_ITGAV_ITGB1","SPP1 - (ITGAV+ITGB1)","SPP1","Secreted Signaling","PMID: 21907263"
"127","Cholangiocyte cells","Neutrophils and macrophages","SPP1","ITGAV_ITGB1",1.96232445464385e-05,0,"SPP1_ITGAV_ITGB1","SPP1 - (ITGAV+ITGB1)","SPP1","Secreted Signaling","PMID: 21907263"
"128","Cholangiocyte cells","Cholangiocyte cells","SPP1","ITGAV_ITGB1",0.000130810527245445,0,"SPP1_ITGAV_ITGB1","SPP1 - (ITGAV+ITGB1)","SPP1","Secreted Signaling","PMID: 21907263"
"129","Cholangiocyte cells","Liver epithelial cells 2","SPP1","ITGAV_ITGB5",7.38341615975427e-05,0,"SPP1_ITGAV_ITGB5","SPP1 - (ITGAV+ITGB5)","SPP1","Secreted Signaling","PMID: 21907263"
"130","Cholangiocyte cells","Liver epithelial cells 5","SPP1","ITGAV_ITGB5",1.08754817032181e-05,0,"SPP1_ITGAV_ITGB5","SPP1 - (ITGAV+ITGB5)","SPP1","Secreted Signaling","PMID: 21907263"
"131","Cholangiocyte cells","Liver epithelial cells 6","SPP1","ITGAV_ITGB5",2.01469385617146e-06,0,"SPP1_ITGAV_ITGB5","SPP1 - (ITGAV+ITGB5)","SPP1","Secreted Signaling","PMID: 21907263"
"132","Cholangiocyte cells","Stellate cells","SPP1","ITGAV_ITGB5",2.04560774159745e-05,0,"SPP1_ITGAV_ITGB5","SPP1 - (ITGAV+ITGB5)","SPP1","Secreted Signaling","PMID: 21907263"
"133","Cholangiocyte cells","Neutrophils and macrophages","SPP1","ITGAV_ITGB5",1.55957596348237e-05,0,"SPP1_ITGAV_ITGB5","SPP1 - (ITGAV+ITGB5)","SPP1","Secreted Signaling","PMID: 21907263"
"134","Cholangiocyte cells","Cholangiocyte cells","SPP1","ITGAV_ITGB5",4.6115537310398e-05,0,"SPP1_ITGAV_ITGB5","SPP1 - (ITGAV+ITGB5)","SPP1","Secreted Signaling","PMID: 21907263"
"135","Cholangiocyte cells","Neutrophils and macrophages","SPP1","ITGA4_ITGB1",1.96232445464385e-05,0,"SPP1_ITGA4_ITGB1","SPP1 - (ITGA4+ITGB1)","SPP1","Secreted Signaling","PMID: 21907263"
"136","Cholangiocyte cells","Lymphocytes","SPP1","ITGA4_ITGB1",1.07757935999379e-05,0,"SPP1_ITGA4_ITGB1","SPP1 - (ITGA4+ITGB1)","SPP1","Secreted Signaling","PMID: 21907263"
"137","Cholangiocyte cells","Endothelial cells","SPP1","ITGA9_ITGB1",0.000104964480225968,0,"SPP1_ITGA9_ITGB1","SPP1 - (ITGA9+ITGB1)","SPP1","Secreted Signaling","PMID: 21907263"
"138","Cholangiocyte cells","Stellate cells","SPP1","ITGA9_ITGB1",7.84908507756573e-05,0,"SPP1_ITGA9_ITGB1","SPP1 - (ITGA9+ITGB1)","SPP1","Secreted Signaling","PMID: 21907263"
"139","Cholangiocyte cells","Neutrophils and macrophages","SPP1","ITGA9_ITGB1",4.067481673919e-05,0,"SPP1_ITGA9_ITGB1","SPP1 - (ITGA9+ITGB1)","SPP1","Secreted Signaling","PMID: 21907263"
"140","Cholangiocyte cells","Endothelial cells","SPP1","ITGA5_ITGB1",4.50381994757856e-05,0,"SPP1_ITGA5_ITGB1","SPP1 - (ITGA5+ITGB1)","SPP1","Secreted Signaling","PMID: 21907263"
"141","Liver epithelial cells 1","Liver epithelial cells 1","NAMPT","INSR",0.0099732325195239,0,"NAMPT_INSR","NAMPT - INSR","VISFATIN","Secreted Signaling","PMID: 28490838"
"142","Liver epithelial cells 2","Liver epithelial cells 1","NAMPT","INSR",0.00621102456500862,0,"NAMPT_INSR","NAMPT - INSR","VISFATIN","Secreted Signaling","PMID: 28490838"
"143","Liver epithelial cells 3","Liver epithelial cells 1","NAMPT","INSR",0.00459141018201029,0,"NAMPT_INSR","NAMPT - INSR","VISFATIN","Secreted Signaling","PMID: 28490838"
"144","Liver epithelial cells 4","Liver epithelial cells 1","NAMPT","INSR",0.00103842747014803,0,"NAMPT_INSR","NAMPT - INSR","VISFATIN","Secreted Signaling","PMID: 28490838"
"145","Liver epithelial cells 5","Liver epithelial cells 1","NAMPT","INSR",0.00171417234950999,0,"NAMPT_INSR","NAMPT - INSR","VISFATIN","Secreted Signaling","PMID: 28490838"
"146","Liver epithelial cells 6","Liver epithelial cells 1","NAMPT","INSR",0.000364593142170368,0,"NAMPT_INSR","NAMPT - INSR","VISFATIN","Secreted Signaling","PMID: 28490838"
"147","Endothelial cells","Liver epithelial cells 1","NAMPT","INSR",0.00271260116712099,0,"NAMPT_INSR","NAMPT - INSR","VISFATIN","Secreted Signaling","PMID: 28490838"
"148","Stellate cells","Liver epithelial cells 1","NAMPT","INSR",0.00201767699025683,0,"NAMPT_INSR","NAMPT - INSR","VISFATIN","Secreted Signaling","PMID: 28490838"
"149","Neutrophils and macrophages","Liver epithelial cells 1","NAMPT","INSR",0.00222778067495625,0,"NAMPT_INSR","NAMPT - INSR","VISFATIN","Secreted Signaling","PMID: 28490838"
"150","Lymphocytes","Liver epithelial cells 1","NAMPT","INSR",0.000757996548582817,0,"NAMPT_INSR","NAMPT - INSR","VISFATIN","Secreted Signaling","PMID: 28490838"
"151","Liver epithelial cells 1","Liver epithelial cells 2","NAMPT","INSR",0.00428803285657503,0,"NAMPT_INSR","NAMPT - INSR","VISFATIN","Secreted Signaling","PMID: 28490838"
"152","Liver epithelial cells 2","Liver epithelial cells 2","NAMPT","INSR",0.00266183765183359,0,"NAMPT_INSR","NAMPT - INSR","VISFATIN","Secreted Signaling","PMID: 28490838"
"153","Liver epithelial cells 3","Liver epithelial cells 2","NAMPT","INSR",0.00197955830199033,0,"NAMPT_INSR","NAMPT - INSR","VISFATIN","Secreted Signaling","PMID: 28490838"
"154","Liver epithelial cells 4","Liver epithelial cells 2","NAMPT","INSR",0.000446276852932076,0,"NAMPT_INSR","NAMPT - INSR","VISFATIN","Secreted Signaling","PMID: 28490838"
"155","Liver epithelial cells 5","Liver epithelial cells 2","NAMPT","INSR",0.000734277183700724,0,"NAMPT_INSR","NAMPT - INSR","VISFATIN","Secreted Signaling","PMID: 28490838"
"156","Liver epithelial cells 6","Liver epithelial cells 2","NAMPT","INSR",0.000157512818589307,0,"NAMPT_INSR","NAMPT - INSR","VISFATIN","Secreted Signaling","PMID: 28490838"
"157","Liver epithelial cells 1","Liver epithelial cells 3","NAMPT","INSR",0.00260127798867366,0,"NAMPT_INSR","NAMPT - INSR","VISFATIN","Secreted Signaling","PMID: 28490838"
"158","Liver epithelial cells 3","Liver epithelial cells 3","NAMPT","INSR",0.0012014663475536,0,"NAMPT_INSR","NAMPT - INSR","VISFATIN","Secreted Signaling","PMID: 28490838"
"159","Liver epithelial cells 6","Liver epithelial cells 3","NAMPT","INSR",9.56352510251303e-05,0,"NAMPT_INSR","NAMPT - INSR","VISFATIN","Secreted Signaling","PMID: 28490838"
"160","Liver epithelial cells 1","Liver epithelial cells 4","NAMPT","INSR",0.00100165203443945,0,"NAMPT_INSR","NAMPT - INSR","VISFATIN","Secreted Signaling","PMID: 28490838"
"161","Liver epithelial cells 2","Liver epithelial cells 4","NAMPT","INSR",0.000623550672610598,0,"NAMPT_INSR","NAMPT - INSR","VISFATIN","Secreted Signaling","PMID: 28490838"
"162","Liver epithelial cells 3","Liver epithelial cells 4","NAMPT","INSR",0.000461289994741662,0,"NAMPT_INSR","NAMPT - INSR","VISFATIN","Secreted Signaling","PMID: 28490838"
"163","Liver epithelial cells 4","Liver epithelial cells 4","NAMPT","INSR",0.000104287752071502,0,"NAMPT_INSR","NAMPT - INSR","VISFATIN","Secreted Signaling","PMID: 28490838"
"164","Liver epithelial cells 5","Liver epithelial cells 4","NAMPT","INSR",0.000172082542621514,0,"NAMPT_INSR","NAMPT - INSR","VISFATIN","Secreted Signaling","PMID: 28490838"
"165","Liver epithelial cells 6","Liver epithelial cells 4","NAMPT","INSR",3.66390875273774e-05,0,"NAMPT_INSR","NAMPT - INSR","VISFATIN","Secreted Signaling","PMID: 28490838"
"166","Neutrophils and macrophages","Liver epithelial cells 4","NAMPT","INSR",0.000223495031637618,0,"NAMPT_INSR","NAMPT - INSR","VISFATIN","Secreted Signaling","PMID: 28490838"
"167","Liver epithelial cells 1","Liver epithelial cells 6","NAMPT","INSR",0.000277792421519878,0,"NAMPT_INSR","NAMPT - INSR","VISFATIN","Secreted Signaling","PMID: 28490838"
"168","Liver epithelial cells 2","Liver epithelial cells 6","NAMPT","INSR",0.000172712274945185,0,"NAMPT_INSR","NAMPT - INSR","VISFATIN","Secreted Signaling","PMID: 28490838"
"169","Liver epithelial cells 3","Liver epithelial cells 6","NAMPT","INSR",0.000128070456915951,0,"NAMPT_INSR","NAMPT - INSR","VISFATIN","Secreted Signaling","PMID: 28490838"
"170","Liver epithelial cells 4","Liver epithelial cells 6","NAMPT","INSR",2.8917489275905e-05,0,"NAMPT_INSR","NAMPT - INSR","VISFATIN","Secreted Signaling","PMID: 28490838"
"171","Liver epithelial cells 5","Liver epithelial cells 6","NAMPT","INSR",4.76545682446231e-05,0,"NAMPT_INSR","NAMPT - INSR","VISFATIN","Secreted Signaling","PMID: 28490838"
"172","Liver epithelial cells 6","Liver epithelial cells 6","NAMPT","INSR",1.01804506062857e-05,0,"NAMPT_INSR","NAMPT - INSR","VISFATIN","Secreted Signaling","PMID: 28490838"
"173","Liver epithelial cells 1","Endothelial cells","NAMPT","INSR",0.00618291756522695,0,"NAMPT_INSR","NAMPT - INSR","VISFATIN","Secreted Signaling","PMID: 28490838"
"174","Liver epithelial cells 2","Endothelial cells","NAMPT","INSR",0.00387028794481667,0,"NAMPT_INSR","NAMPT - INSR","VISFATIN","Secreted Signaling","PMID: 28490838"
"175","Liver epithelial cells 3","Endothelial cells","NAMPT","INSR",0.00283412080007977,0,"NAMPT_INSR","NAMPT - INSR","VISFATIN","Secreted Signaling","PMID: 28490838"
"176","Liver epithelial cells 4","Endothelial cells","NAMPT","INSR",0.000644228091379546,0,"NAMPT_INSR","NAMPT - INSR","VISFATIN","Secreted Signaling","PMID: 28490838"
"177","Liver epithelial cells 5","Endothelial cells","NAMPT","INSR",0.00106898839062755,0,"NAMPT_INSR","NAMPT - INSR","VISFATIN","Secreted Signaling","PMID: 28490838"
"178","Liver epithelial cells 6","Endothelial cells","NAMPT","INSR",0.000224335841340342,0,"NAMPT_INSR","NAMPT - INSR","VISFATIN","Secreted Signaling","PMID: 28490838"
"179","Endothelial cells","Endothelial cells","NAMPT","INSR",0.00173561723409457,0,"NAMPT_INSR","NAMPT - INSR","VISFATIN","Secreted Signaling","PMID: 28490838"
"180","Stellate cells","Endothelial cells","NAMPT","INSR",0.00128314114013465,0,"NAMPT_INSR","NAMPT - INSR","VISFATIN","Secreted Signaling","PMID: 28490838"
"181","Neutrophils and macrophages","Endothelial cells","NAMPT","INSR",0.00140126188632795,0,"NAMPT_INSR","NAMPT - INSR","VISFATIN","Secreted Signaling","PMID: 28490838"
"182","Lymphocytes","Endothelial cells","NAMPT","INSR",0.000485704234044954,0,"NAMPT_INSR","NAMPT - INSR","VISFATIN","Secreted Signaling","PMID: 28490838"
"183","Cholangiocyte cells","Endothelial cells","NAMPT","INSR",0.000967215465306294,0,"NAMPT_INSR","NAMPT - INSR","VISFATIN","Secreted Signaling","PMID: 28490838"
"184","Liver epithelial cells 1","Cholangiocyte cells","NAMPT","INSR",0.00242507477312489,0,"NAMPT_INSR","NAMPT - INSR","VISFATIN","Secreted Signaling","PMID: 28490838"
"185","Liver epithelial cells 3","Cholangiocyte cells","NAMPT","INSR",0.00112008241445058,0,"NAMPT_INSR","NAMPT - INSR","VISFATIN","Secreted Signaling","PMID: 28490838"
"186","Liver epithelial cells 6","Cholangiocyte cells","NAMPT","INSR",8.91571895400393e-05,0,"NAMPT_INSR","NAMPT - INSR","VISFATIN","Secreted Signaling","PMID: 28490838"
"187","Liver epithelial cells 1","Endothelial cells","NAMPT","ITGA5_ITGB1",0.0013057226472137,0,"NAMPT_ITGA5_ITGB1","NAMPT - (ITGA5+ITGB1)","VISFATIN","Secreted Signaling","PMID: 28490838"
"188","Liver epithelial cells 2","Endothelial cells","NAMPT","ITGA5_ITGB1",0.000808072478815909,0,"NAMPT_ITGA5_ITGB1","NAMPT - (ITGA5+ITGB1)","VISFATIN","Secreted Signaling","PMID: 28490838"
"189","Liver epithelial cells 3","Endothelial cells","NAMPT","ITGA5_ITGB1",0.000604365426177009,0,"NAMPT_ITGA5_ITGB1","NAMPT - (ITGA5+ITGB1)","VISFATIN","Secreted Signaling","PMID: 28490838"
"190","Liver epithelial cells 4","Endothelial cells","NAMPT","ITGA5_ITGB1",0.000135835646089337,0,"NAMPT_ITGA5_ITGB1","NAMPT - (ITGA5+ITGB1)","VISFATIN","Secreted Signaling","PMID: 28490838"
"191","Liver epithelial cells 5","Endothelial cells","NAMPT","ITGA5_ITGB1",0.000222806999406219,0,"NAMPT_ITGA5_ITGB1","NAMPT - (ITGA5+ITGB1)","VISFATIN","Secreted Signaling","PMID: 28490838"
"192","Liver epithelial cells 6","Endothelial cells","NAMPT","ITGA5_ITGB1",4.81826799569925e-05,0,"NAMPT_ITGA5_ITGB1","NAMPT - (ITGA5+ITGB1)","VISFATIN","Secreted Signaling","PMID: 28490838"
"193","Endothelial cells","Endothelial cells","NAMPT","ITGA5_ITGB1",0.000342020722518344,0,"NAMPT_ITGA5_ITGB1","NAMPT - (ITGA5+ITGB1)","VISFATIN","Secreted Signaling","PMID: 28490838"
"194","Stellate cells","Endothelial cells","NAMPT","ITGA5_ITGB1",0.000256203565384306,0,"NAMPT_ITGA5_ITGB1","NAMPT - (ITGA5+ITGB1)","VISFATIN","Secreted Signaling","PMID: 28490838"
"195","Neutrophils and macrophages","Endothelial cells","NAMPT","ITGA5_ITGB1",0.000286580914207947,0,"NAMPT_ITGA5_ITGB1","NAMPT - (ITGA5+ITGB1)","VISFATIN","Secreted Signaling","PMID: 28490838"
"196","Lymphocytes","Endothelial cells","NAMPT","ITGA5_ITGB1",9.54116747987852e-05,0,"NAMPT_ITGA5_ITGB1","NAMPT - (ITGA5+ITGB1)","VISFATIN","Secreted Signaling","PMID: 28490838"
"197","Cholangiocyte cells","Endothelial cells","NAMPT","ITGA5_ITGB1",0.000177952493285963,0,"NAMPT_ITGA5_ITGB1","NAMPT - (ITGA5+ITGB1)","VISFATIN","Secreted Signaling","PMID: 28490838"
"198","Liver epithelial cells 1","Endothelial cells","ANGPTL4","ITGA5_ITGB1",0.000109666366135951,0,"ANGPTL4_ITGA5_ITGB1","ANGPTL4 - (ITGA5+ITGB1)","ANGPTL","Secreted Signaling","PMID: 30049845"
"199","Liver epithelial cells 2","Endothelial cells","ANGPTL4","ITGA5_ITGB1",7.21092692854243e-05,0,"ANGPTL4_ITGA5_ITGB1","ANGPTL4 - (ITGA5+ITGB1)","ANGPTL","Secreted Signaling","PMID: 30049845"
"200","Liver epithelial cells 3","Endothelial cells","ANGPTL4","ITGA5_ITGB1",4.83106245812327e-05,0,"ANGPTL4_ITGA5_ITGB1","ANGPTL4 - (ITGA5+ITGB1)","ANGPTL","Secreted Signaling","PMID: 30049845"
"201","Liver epithelial cells 4","Endothelial cells","ANGPTL4","ITGA5_ITGB1",1.15025296621983e-05,0,"ANGPTL4_ITGA5_ITGB1","ANGPTL4 - (ITGA5+ITGB1)","ANGPTL","Secreted Signaling","PMID: 30049845"
"202","Liver epithelial cells 6","Endothelial cells","ANGPTL4","ITGA5_ITGB1",3.71825958847804e-06,0,"ANGPTL4_ITGA5_ITGB1","ANGPTL4 - (ITGA5+ITGB1)","ANGPTL","Secreted Signaling","PMID: 30049845"
"203","Liver epithelial cells 1","Endothelial cells","ANGPTL4","ITGAV_ITGB3",0.000109666366135951,0,"ANGPTL4_ITGAV_ITGB3","ANGPTL4 - (ITGAV+ITGB3)","ANGPTL","Secreted Signaling","PMID: 30049845"
"204","Liver epithelial cells 2","Endothelial cells","ANGPTL4","ITGAV_ITGB3",7.21092692854243e-05,0,"ANGPTL4_ITGAV_ITGB3","ANGPTL4 - (ITGAV+ITGB3)","ANGPTL","Secreted Signaling","PMID: 30049845"
"205","Liver epithelial cells 3","Endothelial cells","ANGPTL4","ITGAV_ITGB3",4.83106245812327e-05,0,"ANGPTL4_ITGAV_ITGB3","ANGPTL4 - (ITGAV+ITGB3)","ANGPTL","Secreted Signaling","PMID: 30049845"
"206","Liver epithelial cells 4","Endothelial cells","ANGPTL4","ITGAV_ITGB3",1.15025296621983e-05,0,"ANGPTL4_ITGAV_ITGB3","ANGPTL4 - (ITGAV+ITGB3)","ANGPTL","Secreted Signaling","PMID: 30049845"
"207","Liver epithelial cells 6","Endothelial cells","ANGPTL4","ITGAV_ITGB3",3.71825958847804e-06,0,"ANGPTL4_ITGAV_ITGB3","ANGPTL4 - (ITGAV+ITGB3)","ANGPTL","Secreted Signaling","PMID: 30049845"
"208","Liver epithelial cells 1","Endothelial cells","ANGPTL4","CDH5",5.80332049369247e-05,0,"ANGPTL4_CDH5","ANGPTL4 - CDH5","ANGPTL","Secreted Signaling","PMID: 30049845"
"209","Liver epithelial cells 2","Endothelial cells","ANGPTL4","CDH5",3.8158755047151e-05,0,"ANGPTL4_CDH5","ANGPTL4 - CDH5","ANGPTL","Secreted Signaling","PMID: 30049845"
"210","Liver epithelial cells 3","Endothelial cells","ANGPTL4","CDH5",2.55649975077858e-05,0,"ANGPTL4_CDH5","ANGPTL4 - CDH5","ANGPTL","Secreted Signaling","PMID: 30049845"
"211","Liver epithelial cells 4","Endothelial cells","ANGPTL4","CDH5",6.08690416852043e-06,0,"ANGPTL4_CDH5","ANGPTL4 - CDH5","ANGPTL","Secreted Signaling","PMID: 30049845"
"212","Liver epithelial cells 6","Endothelial cells","ANGPTL4","CDH5",1.96762716145195e-06,0,"ANGPTL4_CDH5","ANGPTL4 - CDH5","ANGPTL","Secreted Signaling","PMID: 30049845"
"213","Liver epithelial cells 1","Liver epithelial cells 1","ANGPTL4","SDC2",0.000144688908882878,0,"ANGPTL4_SDC2","ANGPTL4 - SDC2","ANGPTL","Secreted Signaling","PMID: 29017031"
"214","Liver epithelial cells 2","Liver epithelial cells 1","ANGPTL4","SDC2",9.51377515355584e-05,0,"ANGPTL4_SDC2","ANGPTL4 - SDC2","ANGPTL","Secreted Signaling","PMID: 29017031"
"215","Liver epithelial cells 3","Liver epithelial cells 1","ANGPTL4","SDC2",6.37388818869365e-05,0,"ANGPTL4_SDC2","ANGPTL4 - SDC2","ANGPTL","Secreted Signaling","PMID: 29017031"
"216","Liver epithelial cells 4","Liver epithelial cells 1","ANGPTL4","SDC2",1.51759242587944e-05,0,"ANGPTL4_SDC2","ANGPTL4 - SDC2","ANGPTL","Secreted Signaling","PMID: 29017031"
"217","Liver epithelial cells 6","Liver epithelial cells 1","ANGPTL4","SDC2",4.90570574877307e-06,0,"ANGPTL4_SDC2","ANGPTL4 - SDC2","ANGPTL","Secreted Signaling","PMID: 29017031"
"218","Liver epithelial cells 1","Liver epithelial cells 2","ANGPTL4","SDC2",9.51377515355584e-05,0,"ANGPTL4_SDC2","ANGPTL4 - SDC2","ANGPTL","Secreted Signaling","PMID: 29017031"
"219","Liver epithelial cells 2","Liver epithelial cells 2","ANGPTL4","SDC2",6.25562238123474e-05,0,"ANGPTL4_SDC2","ANGPTL4 - SDC2","ANGPTL","Secreted Signaling","PMID: 29017031"
"220","Liver epithelial cells 3","Liver epithelial cells 2","ANGPTL4","SDC2",4.19104266866945e-05,0,"ANGPTL4_SDC2","ANGPTL4 - SDC2","ANGPTL","Secreted Signaling","PMID: 29017031"
"221","Liver epithelial cells 4","Liver epithelial cells 2","ANGPTL4","SDC2",9.97867302064154e-06,0,"ANGPTL4_SDC2","ANGPTL4 - SDC2","ANGPTL","Secreted Signaling","PMID: 29017031"
"222","Liver epithelial cells 6","Liver epithelial cells 2","ANGPTL4","SDC2",3.2256640694632e-06,0,"ANGPTL4_SDC2","ANGPTL4 - SDC2","ANGPTL","Secreted Signaling","PMID: 29017031"
"223","Liver epithelial cells 1","Liver epithelial cells 3","ANGPTL4","SDC2",6.37388818869365e-05,0,"ANGPTL4_SDC2","ANGPTL4 - SDC2","ANGPTL","Secreted Signaling","PMID: 29017031"
"224","Liver epithelial cells 2","Liver epithelial cells 3","ANGPTL4","SDC2",4.19104266866945e-05,0,"ANGPTL4_SDC2","ANGPTL4 - SDC2","ANGPTL","Secreted Signaling","PMID: 29017031"
"225","Liver epithelial cells 3","Liver epithelial cells 3","ANGPTL4","SDC2",2.80784829712515e-05,0,"ANGPTL4_SDC2","ANGPTL4 - SDC2","ANGPTL","Secreted Signaling","PMID: 29017031"
"226","Liver epithelial cells 4","Liver epithelial cells 3","ANGPTL4","SDC2",6.68535308839321e-06,0,"ANGPTL4_SDC2","ANGPTL4 - SDC2","ANGPTL","Secreted Signaling","PMID: 29017031"
"227","Liver epithelial cells 6","Liver epithelial cells 3","ANGPTL4","SDC2",2.16107925415501e-06,0,"ANGPTL4_SDC2","ANGPTL4 - SDC2","ANGPTL","Secreted Signaling","PMID: 29017031"
"228","Liver epithelial cells 1","Liver epithelial cells 4","ANGPTL4","SDC2",1.51759242587944e-05,0,"ANGPTL4_SDC2","ANGPTL4 - SDC2","ANGPTL","Secreted Signaling","PMID: 29017031"
"229","Liver epithelial cells 2","Liver epithelial cells 4","ANGPTL4","SDC2",9.97867302064154e-06,0,"ANGPTL4_SDC2","ANGPTL4 - SDC2","ANGPTL","Secreted Signaling","PMID: 29017031"
"230","Liver epithelial cells 3","Liver epithelial cells 4","ANGPTL4","SDC2",6.68535308839321e-06,0,"ANGPTL4_SDC2","ANGPTL4 - SDC2","ANGPTL","Secreted Signaling","PMID: 29017031"
"231","Liver epithelial cells 4","Liver epithelial cells 4","ANGPTL4","SDC2",1.59175073533172e-06,0,"ANGPTL4_SDC2","ANGPTL4 - SDC2","ANGPTL","Secreted Signaling","PMID: 29017031"
"232","Liver epithelial cells 6","Liver epithelial cells 4","ANGPTL4","SDC2",5.14542679560718e-07,0,"ANGPTL4_SDC2","ANGPTL4 - SDC2","ANGPTL","Secreted Signaling","PMID: 29017031"
"233","Liver epithelial cells 1","Liver epithelial cells 6","ANGPTL4","SDC2",4.90570574877307e-06,0,"ANGPTL4_SDC2","ANGPTL4 - SDC2","ANGPTL","Secreted Signaling","PMID: 29017031"
"234","Liver epithelial cells 2","Liver epithelial cells 6","ANGPTL4","SDC2",3.2256640694632e-06,0,"ANGPTL4_SDC2","ANGPTL4 - SDC2","ANGPTL","Secreted Signaling","PMID: 29017031"
"235","Liver epithelial cells 3","Liver epithelial cells 6","ANGPTL4","SDC2",2.16107925415501e-06,0,"ANGPTL4_SDC2","ANGPTL4 - SDC2","ANGPTL","Secreted Signaling","PMID: 29017031"
"236","Liver epithelial cells 4","Liver epithelial cells 6","ANGPTL4","SDC2",5.14542679560718e-07,0,"ANGPTL4_SDC2","ANGPTL4 - SDC2","ANGPTL","Secreted Signaling","PMID: 29017031"
"237","Liver epithelial cells 6","Liver epithelial cells 6","ANGPTL4","SDC2",1.66328912695209e-07,0,"ANGPTL4_SDC2","ANGPTL4 - SDC2","ANGPTL","Secreted Signaling","PMID: 29017031"
"238","Liver epithelial cells 1","Neutrophils and macrophages","ANGPTL4","SDC2",3.79751034940995e-05,0,"ANGPTL4_SDC2","ANGPTL4 - SDC2","ANGPTL","Secreted Signaling","PMID: 29017031"
"239","Liver epithelial cells 2","Neutrophils and macrophages","ANGPTL4","SDC2",2.49698887679309e-05,0,"ANGPTL4_SDC2","ANGPTL4 - SDC2","ANGPTL","Secreted Signaling","PMID: 29017031"
"240","Liver epithelial cells 3","Neutrophils and macrophages","ANGPTL4","SDC2",1.67289300537467e-05,0,"ANGPTL4_SDC2","ANGPTL4 - SDC2","ANGPTL","Secreted Signaling","PMID: 29017031"
"241","Liver epithelial cells 4","Neutrophils and macrophages","ANGPTL4","SDC2",3.98307858422541e-06,0,"ANGPTL4_SDC2","ANGPTL4 - SDC2","ANGPTL","Secreted Signaling","PMID: 29017031"
"242","Liver epithelial cells 6","Neutrophils and macrophages","ANGPTL4","SDC2",1.28755330978449e-06,0,"ANGPTL4_SDC2","ANGPTL4 - SDC2","ANGPTL","Secreted Signaling","PMID: 29017031"
"243","Liver epithelial cells 1","Neutrophils and macrophages","ANGPTL4","SDC3",3.79751034940995e-05,0,"ANGPTL4_SDC3","ANGPTL4 - SDC3","ANGPTL","Secreted Signaling","PMID: 29017031"
"244","Liver epithelial cells 2","Neutrophils and macrophages","ANGPTL4","SDC3",2.49698887679309e-05,0,"ANGPTL4_SDC3","ANGPTL4 - SDC3","ANGPTL","Secreted Signaling","PMID: 29017031"
"245","Liver epithelial cells 3","Neutrophils and macrophages","ANGPTL4","SDC3",1.67289300537467e-05,0,"ANGPTL4_SDC3","ANGPTL4 - SDC3","ANGPTL","Secreted Signaling","PMID: 29017031"
"246","Liver epithelial cells 4","Neutrophils and macrophages","ANGPTL4","SDC3",3.98307858422541e-06,0,"ANGPTL4_SDC3","ANGPTL4 - SDC3","ANGPTL","Secreted Signaling","PMID: 29017031"
"247","Liver epithelial cells 6","Neutrophils and macrophages","ANGPTL4","SDC3",1.28755330978449e-06,0,"ANGPTL4_SDC3","ANGPTL4 - SDC3","ANGPTL","Secreted Signaling","PMID: 29017031"
"248","Liver epithelial cells 1","Liver epithelial cells 1","ANGPTL4","SDC4",0.000574993411065447,0,"ANGPTL4_SDC4","ANGPTL4 - SDC4","ANGPTL","Secreted Signaling","PMID: 29017031"
"249","Liver epithelial cells 2","Liver epithelial cells 1","ANGPTL4","SDC4",0.000378077218902859,0,"ANGPTL4_SDC4","ANGPTL4 - SDC4","ANGPTL","Secreted Signaling","PMID: 29017031"
"250","Liver epithelial cells 3","Liver epithelial cells 1","ANGPTL4","SDC4",0.000253298178807431,0,"ANGPTL4_SDC4","ANGPTL4 - SDC4","ANGPTL","Secreted Signaling","PMID: 29017031"
"251","Liver epithelial cells 4","Liver epithelial cells 1","ANGPTL4","SDC4",6.03090901922454e-05,0,"ANGPTL4_SDC4","ANGPTL4 - SDC4","ANGPTL","Secreted Signaling","PMID: 29017031"
"252","Liver epithelial cells 6","Liver epithelial cells 1","ANGPTL4","SDC4",1.94952640388886e-05,0,"ANGPTL4_SDC4","ANGPTL4 - SDC4","ANGPTL","Secreted Signaling","PMID: 29017031"
"253","Liver epithelial cells 1","Liver epithelial cells 2","ANGPTL4","SDC4",0.000339153171179934,0,"ANGPTL4_SDC4","ANGPTL4 - SDC4","ANGPTL","Secreted Signaling","PMID: 29017031"
"254","Liver epithelial cells 2","Liver epithelial cells 2","ANGPTL4","SDC4",0.000223004447136525,0,"ANGPTL4_SDC4","ANGPTL4 - SDC4","ANGPTL","Secreted Signaling","PMID: 29017031"
"255","Liver epithelial cells 3","Liver epithelial cells 2","ANGPTL4","SDC4",0.000149404982637034,0,"ANGPTL4_SDC4","ANGPTL4 - SDC4","ANGPTL","Secreted Signaling","PMID: 29017031"
"256","Liver epithelial cells 4","Liver epithelial cells 2","ANGPTL4","SDC4",3.55726149135795e-05,0,"ANGPTL4_SDC4","ANGPTL4 - SDC4","ANGPTL","Secreted Signaling","PMID: 29017031"
"257","Liver epithelial cells 6","Liver epithelial cells 2","ANGPTL4","SDC4",1.14990545883431e-05,0,"ANGPTL4_SDC4","ANGPTL4 - SDC4","ANGPTL","Secreted Signaling","PMID: 29017031"
"258","Liver epithelial cells 1","Liver epithelial cells 3","ANGPTL4","SDC4",0.000227220462650288,0,"ANGPTL4_SDC4","ANGPTL4 - SDC4","ANGPTL","Secreted Signaling","PMID: 29017031"
"259","Liver epithelial cells 2","Liver epithelial cells 3","ANGPTL4","SDC4",0.000149404982637034,0,"ANGPTL4_SDC4","ANGPTL4 - SDC4","ANGPTL","Secreted Signaling","PMID: 29017031"
"260","Liver epithelial cells 3","Liver epithelial cells 3","ANGPTL4","SDC4",0.00010009598070081,0,"ANGPTL4_SDC4","ANGPTL4 - SDC4","ANGPTL","Secreted Signaling","PMID: 29017031"
"261","Liver epithelial cells 4","Liver epithelial cells 3","ANGPTL4","SDC4",2.38323763573357e-05,0,"ANGPTL4_SDC4","ANGPTL4 - SDC4","ANGPTL","Secreted Signaling","PMID: 29017031"
"262","Liver epithelial cells 6","Liver epithelial cells 3","ANGPTL4","SDC4",7.70395421783643e-06,0,"ANGPTL4_SDC4","ANGPTL4 - SDC4","ANGPTL","Secreted Signaling","PMID: 29017031"
"263","Liver epithelial cells 1","Liver epithelial cells 4","ANGPTL4","SDC4",6.03090901922454e-05,0,"ANGPTL4_SDC4","ANGPTL4 - SDC4","ANGPTL","Secreted Signaling","PMID: 29017031"
"264","Liver epithelial cells 2","Liver epithelial cells 4","ANGPTL4","SDC4",3.96552250089185e-05,0,"ANGPTL4_SDC4","ANGPTL4 - SDC4","ANGPTL","Secreted Signaling","PMID: 29017031"
"265","Liver epithelial cells 3","Liver epithelial cells 4","ANGPTL4","SDC4",2.65675787187239e-05,0,"ANGPTL4_SDC4","ANGPTL4 - SDC4","ANGPTL","Secreted Signaling","PMID: 29017031"
"266","Liver epithelial cells 4","Liver epithelial cells 4","ANGPTL4","SDC4",6.32561398064856e-06,0,"ANGPTL4_SDC4","ANGPTL4 - SDC4","ANGPTL","Secreted Signaling","PMID: 29017031"
"267","Liver epithelial cells 6","Liver epithelial cells 4","ANGPTL4","SDC4",2.04479149607011e-06,0,"ANGPTL4_SDC4","ANGPTL4 - SDC4","ANGPTL","Secreted Signaling","PMID: 29017031"
"268","Liver epithelial cells 1","Liver epithelial cells 5","ANGPTL4","SDC4",4.19185449407059e-05,0,"ANGPTL4_SDC4","ANGPTL4 - SDC4","ANGPTL","Secreted Signaling","PMID: 29017031"
"269","Liver epithelial cells 2","Liver epithelial cells 5","ANGPTL4","SDC4",2.75628321762329e-05,0,"ANGPTL4_SDC4","ANGPTL4 - SDC4","ANGPTL","Secreted Signaling","PMID: 29017031"
"270","Liver epithelial cells 3","Liver epithelial cells 5","ANGPTL4","SDC4",1.84661091543007e-05,0,"ANGPTL4_SDC4","ANGPTL4 - SDC4","ANGPTL","Secreted Signaling","PMID: 29017031"
"271","Liver epithelial cells 4","Liver epithelial cells 5","ANGPTL4","SDC4",4.39669265578589e-06,0,"ANGPTL4_SDC4","ANGPTL4 - SDC4","ANGPTL","Secreted Signaling","PMID: 29017031"
"272","Liver epithelial cells 6","Liver epithelial cells 5","ANGPTL4","SDC4",1.42125646314939e-06,0,"ANGPTL4_SDC4","ANGPTL4 - SDC4","ANGPTL","Secreted Signaling","PMID: 29017031"
"273","Liver epithelial cells 1","Liver epithelial cells 6","ANGPTL4","SDC4",1.74881751430731e-05,0,"ANGPTL4_SDC4","ANGPTL4 - SDC4","ANGPTL","Secreted Signaling","PMID: 29017031"
"274","Liver epithelial cells 2","Liver epithelial cells 6","ANGPTL4","SDC4",1.14990545883431e-05,0,"ANGPTL4_SDC4","ANGPTL4 - SDC4","ANGPTL","Secreted Signaling","PMID: 29017031"
"275","Liver epithelial cells 3","Liver epithelial cells 6","ANGPTL4","SDC4",7.70395421783643e-06,0,"ANGPTL4_SDC4","ANGPTL4 - SDC4","ANGPTL","Secreted Signaling","PMID: 29017031"
"276","Liver epithelial cells 4","Liver epithelial cells 6","ANGPTL4","SDC4",1.83427481377058e-06,0,"ANGPTL4_SDC4","ANGPTL4 - SDC4","ANGPTL","Secreted Signaling","PMID: 29017031"
"277","Liver epithelial cells 6","Liver epithelial cells 6","ANGPTL4","SDC4",5.92939997939791e-07,0,"ANGPTL4_SDC4","ANGPTL4 - SDC4","ANGPTL","Secreted Signaling","PMID: 29017031"
"278","Liver epithelial cells 1","Cholangiocyte cells","ANGPTL4","SDC4",5.94213902567213e-05,0,"ANGPTL4_SDC4","ANGPTL4 - SDC4","ANGPTL","Secreted Signaling","PMID: 29017031"
"279","Liver epithelial cells 2","Cholangiocyte cells","ANGPTL4","SDC4",3.90715328893492e-05,0,"ANGPTL4_SDC4","ANGPTL4 - SDC4","ANGPTL","Secreted Signaling","PMID: 29017031"
"280","Liver epithelial cells 3","Cholangiocyte cells","ANGPTL4","SDC4",2.61765259298249e-05,0.02,"ANGPTL4_SDC4","ANGPTL4 - SDC4","ANGPTL","Secreted Signaling","PMID: 29017031"
"281","Liver epithelial cells 1","Endothelial cells","ANGPTL3","ITGAV_ITGB3",0.000109666366135951,0,"ANGPTL3_ITGAV_ITGB3","ANGPTL3 - (ITGAV+ITGB3)","ANGPTL","Secreted Signaling","PMID: 11877390"
"282","Liver epithelial cells 4","Endothelial cells","ANGPTL3","ITGAV_ITGB3",1.15025296621983e-05,0,"ANGPTL3_ITGAV_ITGB3","ANGPTL3 - (ITGAV+ITGB3)","ANGPTL","Secreted Signaling","PMID: 11877390"
"283","Endothelial cells","Endothelial cells","ANGPT2","TEK",8.03422190421004e-05,0,"ANGPT2_TEK","ANGPT2 - TEK","ANGPT","Secreted Signaling","PMID: 20651738"
"284","Endothelial cells","Endothelial cells","ANGPT2","ITGA5_ITGB1",3.40931074635055e-05,0,"ANGPT2_ITGA5_ITGB1","ANGPT2 - (ITGA5+ITGB1)","ANGPT","Secreted Signaling","PMID: 20651738; PMID: 25635707"
"285","Liver epithelial cells 1","Liver epithelial cells 1","AGT","AGTR1",0.000515796321545939,0,"AGT_AGTR1B","AGT - AGTR1B","AGT","Secreted Signaling","KEGG: hsa04080"
"286","Liver epithelial cells 3","Liver epithelial cells 1","AGT","AGTR1",0.000227220462650288,0,"AGT_AGTR1B","AGT - AGTR1B","AGT","Secreted Signaling","KEGG: hsa04080"
"287","Liver epithelial cells 4","Liver epithelial cells 1","AGT","AGTR1",5.41001101548305e-05,0,"AGT_AGTR1B","AGT - AGTR1B","AGT","Secreted Signaling","KEGG: hsa04080"
"288","Liver epithelial cells 5","Liver epithelial cells 1","AGT","AGTR1",0.00014894714454252,0,"AGT_AGTR1B","AGT - AGTR1B","AGT","Secreted Signaling","KEGG: hsa04080"
"289","Liver epithelial cells 6","Liver epithelial cells 1","AGT","AGTR1",1.74881751430731e-05,0,"AGT_AGTR1B","AGT - AGTR1B","AGT","Secreted Signaling","KEGG: hsa04080"
"290","Liver epithelial cells 1","Liver epithelial cells 2","AGT","AGTR1",0.000339153171179934,0,"AGT_AGTR1B","AGT - AGTR1B","AGT","Secreted Signaling","KEGG: hsa04080"
"291","Liver epithelial cells 3","Liver epithelial cells 2","AGT","AGTR1",0.000149404982637034,0,"AGT_AGTR1B","AGT - AGTR1B","AGT","Secreted Signaling","KEGG: hsa04080"
"292","Liver epithelial cells 4","Liver epithelial cells 2","AGT","AGTR1",3.55726149135795e-05,0,"AGT_AGTR1B","AGT - AGTR1B","AGT","Secreted Signaling","KEGG: hsa04080"
"293","Liver epithelial cells 5","Liver epithelial cells 2","AGT","AGTR1",9.7937682568937e-05,0,"AGT_AGTR1B","AGT - AGTR1B","AGT","Secreted Signaling","KEGG: hsa04080"
"294","Liver epithelial cells 6","Liver epithelial cells 2","AGT","AGTR1",1.14990545883431e-05,0,"AGT_AGTR1B","AGT - AGTR1B","AGT","Secreted Signaling","KEGG: hsa04080"
"295","Liver epithelial cells 1","Liver epithelial cells 3","AGT","AGTR1",0.000227220462650288,0,"AGT_AGTR1B","AGT - AGTR1B","AGT","Secreted Signaling","KEGG: hsa04080"
"296","Liver epithelial cells 3","Liver epithelial cells 3","AGT","AGTR1",0.00010009598070081,0,"AGT_AGTR1B","AGT - AGTR1B","AGT","Secreted Signaling","KEGG: hsa04080"
"297","Liver epithelial cells 4","Liver epithelial cells 3","AGT","AGTR1",2.38323763573357e-05,0,"AGT_AGTR1B","AGT - AGTR1B","AGT","Secreted Signaling","KEGG: hsa04080"
"298","Liver epithelial cells 5","Liver epithelial cells 3","AGT","AGTR1",6.56147352737109e-05,0,"AGT_AGTR1B","AGT - AGTR1B","AGT","Secreted Signaling","KEGG: hsa04080"
"299","Liver epithelial cells 6","Liver epithelial cells 3","AGT","AGTR1",7.70395421783643e-06,0,"AGT_AGTR1B","AGT - AGTR1B","AGT","Secreted Signaling","KEGG: hsa04080"
"300","Liver epithelial cells 1","Liver epithelial cells 4","AGT","AGTR1",5.41001101548305e-05,0,"AGT_AGTR1B","AGT - AGTR1B","AGT","Secreted Signaling","KEGG: hsa04080"
"301","Liver epithelial cells 3","Liver epithelial cells 4","AGT","AGTR1",2.38323763573357e-05,0,"AGT_AGTR1B","AGT - AGTR1B","AGT","Secreted Signaling","KEGG: hsa04080"
"302","Liver epithelial cells 4","Liver epithelial cells 4","AGT","AGTR1",5.67437532317517e-06,0,"AGT_AGTR1B","AGT - AGTR1B","AGT","Secreted Signaling","KEGG: hsa04080"
"303","Liver epithelial cells 5","Liver epithelial cells 4","AGT","AGTR1",1.56225560175502e-05,0,"AGT_AGTR1B","AGT - AGTR1B","AGT","Secreted Signaling","KEGG: hsa04080"
"304","Liver epithelial cells 6","Liver epithelial cells 4","AGT","AGTR1",1.83427481377058e-06,0,"AGT_AGTR1B","AGT - AGTR1B","AGT","Secreted Signaling","KEGG: hsa04080"
"305","Liver epithelial cells 1","Liver epithelial cells 5","AGT","AGTR1",2.64813996174777e-05,0,"AGT_AGTR1B","AGT - AGTR1B","AGT","Secreted Signaling","KEGG: hsa04080"
"306","Liver epithelial cells 3","Liver epithelial cells 5","AGT","AGTR1",1.16656820170334e-05,0,"AGT_AGTR1B","AGT - AGTR1B","AGT","Secreted Signaling","KEGG: hsa04080"
"307","Liver epithelial cells 4","Liver epithelial cells 5","AGT","AGTR1",2.77754333738891e-06,0,"AGT_AGTR1B","AGT - AGTR1B","AGT","Secreted Signaling","KEGG: hsa04080"
"308","Liver epithelial cells 5","Liver epithelial cells 5","AGT","AGTR1",7.67205826990235e-06,0,"AGT_AGTR1B","AGT - AGTR1B","AGT","Secreted Signaling","KEGG: hsa04080"
"309","Liver epithelial cells 6","Liver epithelial cells 5","AGT","AGTR1",8.97857032318741e-07,0,"AGT_AGTR1B","AGT - AGTR1B","AGT","Secreted Signaling","KEGG: hsa04080"
"310","Liver epithelial cells 1","Liver epithelial cells 6","AGT","AGTR1",1.94952640388886e-05,0,"AGT_AGTR1B","AGT - AGTR1B","AGT","Secreted Signaling","KEGG: hsa04080"
"311","Liver epithelial cells 3","Liver epithelial cells 6","AGT","AGTR1",8.58812428349448e-06,0,"AGT_AGTR1B","AGT - AGTR1B","AGT","Secreted Signaling","KEGG: hsa04080"
"312","Liver epithelial cells 4","Liver epithelial cells 6","AGT","AGTR1",2.04479149607011e-06,0,"AGT_AGTR1B","AGT - AGTR1B","AGT","Secreted Signaling","KEGG: hsa04080"
"313","Liver epithelial cells 5","Liver epithelial cells 6","AGT","AGTR1",5.62674786400184e-06,0,"AGT_AGTR1B","AGT - AGTR1B","AGT","Secreted Signaling","KEGG: hsa04080"
"314","Liver epithelial cells 6","Liver epithelial cells 6","AGT","AGTR1",6.60990739427316e-07,0,"AGT_AGTR1B","AGT - AGTR1B","AGT","Secreted Signaling","KEGG: hsa04080"
"315","Liver epithelial cells 1","Stellate cells","AGT","AGTR1",3.95868101789482e-05,0,"AGT_AGTR1B","AGT - AGTR1B","AGT","Secreted Signaling","KEGG: hsa04080"
"316","Liver epithelial cells 3","Stellate cells","AGT","AGTR1",1.74389249166226e-05,0,"AGT_AGTR1B","AGT - AGTR1B","AGT","Secreted Signaling","KEGG: hsa04080"
"317","Liver epithelial cells 4","Stellate cells","AGT","AGTR1",4.15212498014824e-06,0,"AGT_AGTR1B","AGT - AGTR1B","AGT","Secreted Signaling","KEGG: hsa04080"
"318","Liver epithelial cells 5","Stellate cells","AGT","AGTR1",1.14688920827283e-05,0,"AGT_AGTR1B","AGT - AGTR1B","AGT","Secreted Signaling","KEGG: hsa04080"
"319","Liver epithelial cells 6","Stellate cells","AGT","AGTR1",1.34219854009443e-06,0,"AGT_AGTR1B","AGT - AGTR1B","AGT","Secreted Signaling","KEGG: hsa04080"
"320","Liver epithelial cells 1","Liver epithelial cells 1","C5","C5AR1",0.00092818150635444,0,"HC_C5AR1","HC - C5AR1","COMPLEMENT","Secreted Signaling","KEGG: hsa04080"
"321","Liver epithelial cells 2","Liver epithelial cells 1","C5","C5AR1",0.000339153171179934,0,"HC_C5AR1","HC - C5AR1","COMPLEMENT","Secreted Signaling","KEGG: hsa04080"
"322","Liver epithelial cells 3","Liver epithelial cells 1","C5","C5AR1",0.000346648514952211,0,"HC_C5AR1","HC - C5AR1","COMPLEMENT","Secreted Signaling","KEGG: hsa04080"
"323","Liver epithelial cells 4","Liver epithelial cells 1","C5","C5AR1",9.25902910085345e-05,0,"HC_C5AR1","HC - C5AR1","COMPLEMENT","Secreted Signaling","KEGG: hsa04080"
"324","Liver epithelial cells 5","Liver epithelial cells 1","C5","C5AR1",9.44025953166849e-05,0,"HC_C5AR1","HC - C5AR1","COMPLEMENT","Secreted Signaling","KEGG: hsa04080"
"325","Liver epithelial cells 6","Liver epithelial cells 1","C5","C5AR1",3.14701754735996e-05,0,"HC_C5AR1","HC - C5AR1","COMPLEMENT","Secreted Signaling","KEGG: hsa04080"
"326","Stellate cells","Liver epithelial cells 1","C5","C5AR1",3.95868101789482e-05,0,"HC_C5AR1","HC - C5AR1","COMPLEMENT","Secreted Signaling","KEGG: hsa04080"
"327","Lymphocytes","Liver epithelial cells 1","C5","C5AR1",1.65758738609623e-05,0,"HC_C5AR1","HC - C5AR1","COMPLEMENT","Secreted Signaling","KEGG: hsa04080"
"328","Cholangiocyte cells","Liver epithelial cells 1","C5","C5AR1",5.94213902567213e-05,0,"HC_C5AR1","HC - C5AR1","COMPLEMENT","Secreted Signaling","KEGG: hsa04080"
"329","Liver epithelial cells 1","Liver epithelial cells 3","C5","C5AR1",0.000408885877016697,0,"HC_C5AR1","HC - C5AR1","COMPLEMENT","Secreted Signaling","KEGG: hsa04080"
"330","Liver epithelial cells 2","Liver epithelial cells 3","C5","C5AR1",0.000149404982637034,0,"HC_C5AR1","HC - C5AR1","COMPLEMENT","Secreted Signaling","KEGG: hsa04080"
"331","Liver epithelial cells 3","Liver epithelial cells 3","C5","C5AR1",0.000152706858607292,0,"HC_C5AR1","HC - C5AR1","COMPLEMENT","Secreted Signaling","KEGG: hsa04080"
"332","Liver epithelial cells 4","Liver epithelial cells 3","C5","C5AR1",4.07882101540158e-05,0,"HC_C5AR1","HC - C5AR1","COMPLEMENT","Secreted Signaling","KEGG: hsa04080"
"333","Liver epithelial cells 5","Liver epithelial cells 3","C5","C5AR1",4.15865730080331e-05,0,"HC_C5AR1","HC - C5AR1","COMPLEMENT","Secreted Signaling","KEGG: hsa04080"
"334","Liver epithelial cells 6","Liver epithelial cells 3","C5","C5AR1",1.38633556155755e-05,0,"HC_C5AR1","HC - C5AR1","COMPLEMENT","Secreted Signaling","KEGG: hsa04080"
"335","Stellate cells","Liver epithelial cells 3","C5","C5AR1",1.74389249166226e-05,0,"HC_C5AR1","HC - C5AR1","COMPLEMENT","Secreted Signaling","KEGG: hsa04080"
"336","Lymphocytes","Liver epithelial cells 3","C5","C5AR1",7.30206395468685e-06,0,"HC_C5AR1","HC - C5AR1","COMPLEMENT","Secreted Signaling","KEGG: hsa04080"
"337","Cholangiocyte cells","Liver epithelial cells 3","C5","C5AR1",2.61765259298249e-05,0,"HC_C5AR1","HC - C5AR1","COMPLEMENT","Secreted Signaling","KEGG: hsa04080"
"338","Liver epithelial cells 1","Liver epithelial cells 6","C5","C5AR1",3.14701754735996e-05,0,"HC_C5AR1","HC - C5AR1","COMPLEMENT","Secreted Signaling","KEGG: hsa04080"
"339","Liver epithelial cells 2","Liver epithelial cells 6","C5","C5AR1",1.14990545883431e-05,0,"HC_C5AR1","HC - C5AR1","COMPLEMENT","Secreted Signaling","KEGG: hsa04080"
"340","Liver epithelial cells 3","Liver epithelial cells 6","C5","C5AR1",1.17531856846144e-05,0,"HC_C5AR1","HC - C5AR1","COMPLEMENT","Secreted Signaling","KEGG: hsa04080"
"341","Liver epithelial cells 4","Liver epithelial cells 6","C5","C5AR1",3.13929192215293e-06,0,"HC_C5AR1","HC - C5AR1","COMPLEMENT","Secreted Signaling","KEGG: hsa04080"
"342","Liver epithelial cells 5","Liver epithelial cells 6","C5","C5AR1",3.20073845410664e-06,0,"HC_C5AR1","HC - C5AR1","COMPLEMENT","Secreted Signaling","KEGG: hsa04080"
"343","Liver epithelial cells 6","Liver epithelial cells 6","C5","C5AR1",1.0670024532475e-06,0,"HC_C5AR1","HC - C5AR1","COMPLEMENT","Secreted Signaling","KEGG: hsa04080"
"344","Stellate cells","Liver epithelial cells 6","C5","C5AR1",1.34219854009443e-06,0,"HC_C5AR1","HC - C5AR1","COMPLEMENT","Secreted Signaling","KEGG: hsa04080"
"345","Lymphocytes","Liver epithelial cells 6","C5","C5AR1",5.62008244574458e-07,0,"HC_C5AR1","HC - C5AR1","COMPLEMENT","Secreted Signaling","KEGG: hsa04080"
"346","Cholangiocyte cells","Liver epithelial cells 6","C5","C5AR1",2.01469385617146e-06,0,"HC_C5AR1","HC - C5AR1","COMPLEMENT","Secreted Signaling","KEGG: hsa04080"
"347","Liver epithelial cells 1","Liver epithelial cells 1","F2","PARD3",0.00489650529010207,0,"F2_PARD3","F2 - PARD3","PARs","Secreted Signaling","KEGG: hsa04080"
"348","Liver epithelial cells 2","Liver epithelial cells 1","F2","PARD3",0.00321961446305028,0,"F2_PARD3","F2 - PARD3","PARs","Secreted Signaling","KEGG: hsa04080"
"349","Liver epithelial cells 3","Liver epithelial cells 1","F2","PARD3",0.00215702623479738,0,"F2_PARD3","F2 - PARD3","PARs","Secreted Signaling","KEGG: hsa04080"
"350","Liver epithelial cells 4","Liver epithelial cells 1","F2","PARD3",0.000513577674951758,0,"F2_PARD3","F2 - PARD3","PARs","Secreted Signaling","KEGG: hsa04080"
"351","Liver epithelial cells 5","Liver epithelial cells 1","F2","PARD3",0.00041322629457574,0,"F2_PARD3","F2 - PARD3","PARs","Secreted Signaling","KEGG: hsa04080"
"352","Liver epithelial cells 6","Liver epithelial cells 1","F2","PARD3",0.000166016969344871,0,"F2_PARD3","F2 - PARD3","PARs","Secreted Signaling","KEGG: hsa04080"
"353","Liver epithelial cells 1","Liver epithelial cells 2","F2","PARD3",0.00353631831691812,0,"F2_PARD3","F2 - PARD3","PARs","Secreted Signaling","KEGG: hsa04080"
"354","Liver epithelial cells 2","Liver epithelial cells 2","F2","PARD3",0.00232524646141287,0,"F2_PARD3","F2 - PARD3","PARs","Secreted Signaling","KEGG: hsa04080"
"355","Liver epithelial cells 3","Liver epithelial cells 2","F2","PARD3",0.00155783174575676,0,"F2_PARD3","F2 - PARD3","PARs","Secreted Signaling","KEGG: hsa04080"
"356","Liver epithelial cells 4","Liver epithelial cells 2","F2","PARD3",0.000370912320418276,0,"F2_PARD3","F2 - PARD3","PARs","Secreted Signaling","KEGG: hsa04080"
"357","Liver epithelial cells 5","Liver epithelial cells 2","F2","PARD3",0.000299703354549505,0,"F2_PARD3","F2 - PARD3","PARs","Secreted Signaling","KEGG: hsa04080"
"358","Liver epithelial cells 6","Liver epithelial cells 2","F2","PARD3",0.000119899564042187,0,"F2_PARD3","F2 - PARD3","PARs","Secreted Signaling","KEGG: hsa04080"
"359","Liver epithelial cells 1","Liver epithelial cells 3","F2","PARD3",0.0023397805165738,0,"F2_PARD3","F2 - PARD3","PARs","Secreted Signaling","KEGG: hsa04080"
"360","Liver epithelial cells 2","Liver epithelial cells 3","F2","PARD3",0.00153848321306873,0,"F2_PARD3","F2 - PARD3","PARs","Secreted Signaling","KEGG: hsa04080"
"361","Liver epithelial cells 3","Liver epithelial cells 3","F2","PARD3",0.00103072858271379,0,"F2_PARD3","F2 - PARD3","PARs","Secreted Signaling","KEGG: hsa04080"
"362","Liver epithelial cells 4","Liver epithelial cells 3","F2","PARD3",0.000245411567312806,0,"F2_PARD3","F2 - PARD3","PARs","Secreted Signaling","KEGG: hsa04080"
"363","Liver epithelial cells 5","Liver epithelial cells 3","F2","PARD3",0.000198180050095391,0,"F2_PARD3","F2 - PARD3","PARs","Secreted Signaling","KEGG: hsa04080"
"364","Liver epithelial cells 6","Liver epithelial cells 3","F2","PARD3",7.93307159453025e-05,0,"F2_PARD3","F2 - PARD3","PARs","Secreted Signaling","KEGG: hsa04080"
"365","Liver epithelial cells 1","Liver epithelial cells 4","F2","PARD3",0.000488877920782718,0,"F2_PARD3","F2 - PARD3","PARs","Secreted Signaling","KEGG: hsa04080"
"366","Liver epithelial cells 2","Liver epithelial cells 4","F2","PARD3",0.0003214534307968,0,"F2_PARD3","F2 - PARD3","PARs","Secreted Signaling","KEGG: hsa04080"
"367","Liver epithelial cells 3","Liver epithelial cells 4","F2","PARD3",0.000215362271306673,0,"F2_PARD3","F2 - PARD3","PARs","Secreted Signaling","KEGG: hsa04080"
"368","Liver epithelial cells 4","Liver epithelial cells 4","F2","PARD3",5.12767312634935e-05,0,"F2_PARD3","F2 - PARD3","PARs","Secreted Signaling","KEGG: hsa04080"
"369","Liver epithelial cells 5","Liver epithelial cells 4","F2","PARD3",4.11723898037306e-05,0,"F2_PARD3","F2 - PARD3","PARs","Secreted Signaling","KEGG: hsa04080"
"370","Liver epithelial cells 6","Liver epithelial cells 4","F2","PARD3",1.65755015014549e-05,0.01,"F2_PARD3","F2 - PARD3","PARs","Secreted Signaling","KEGG: hsa04080"
"371","Liver epithelial cells 1","Liver epithelial cells 5","F2","PARD3",0.000699986007200367,0,"F2_PARD3","F2 - PARD3","PARs","Secreted Signaling","KEGG: hsa04080"
"372","Liver epithelial cells 2","Liver epithelial cells 5","F2","PARD3",0.000460263992213137,0,"F2_PARD3","F2 - PARD3","PARs","Secreted Signaling","KEGG: hsa04080"
"373","Liver epithelial cells 3","Liver epithelial cells 5","F2","PARD3",0.000308360369705796,0,"F2_PARD3","F2 - PARD3","PARs","Secreted Signaling","KEGG: hsa04080"
"374","Liver epithelial cells 4","Liver epithelial cells 5","F2","PARD3",7.34191356442372e-05,0,"F2_PARD3","F2 - PARD3","PARs","Secreted Signaling","KEGG: hsa04080"
"375","Liver epithelial cells 5","Liver epithelial cells 5","F2","PARD3",5.85230744459602e-05,0.01,"F2_PARD3","F2 - PARD3","PARs","Secreted Signaling","KEGG: hsa04080"
"376","Liver epithelial cells 6","Liver epithelial cells 5","F2","PARD3",2.37331624524395e-05,0.01,"F2_PARD3","F2 - PARD3","PARs","Secreted Signaling","KEGG: hsa04080"
"377","Liver epithelial cells 1","Liver epithelial cells 6","F2","PARD3",0.000173427050884747,0,"F2_PARD3","F2 - PARD3","PARs","Secreted Signaling","KEGG: hsa04080"
"378","Liver epithelial cells 2","Liver epithelial cells 6","F2","PARD3",0.000114034032076181,0,"F2_PARD3","F2 - PARD3","PARs","Secreted Signaling","KEGG: hsa04080"
"379","Liver epithelial cells 3","Liver epithelial cells 6","F2","PARD3",7.63987122281126e-05,0,"F2_PARD3","F2 - PARD3","PARs","Secreted Signaling","KEGG: hsa04080"
"380","Liver epithelial cells 4","Liver epithelial cells 6","F2","PARD3",1.8190169578122e-05,0,"F2_PARD3","F2 - PARD3","PARs","Secreted Signaling","KEGG: hsa04080"
"381","Liver epithelial cells 5","Liver epithelial cells 6","F2","PARD3",1.46639792705325e-05,0,"F2_PARD3","F2 - PARD3","PARs","Secreted Signaling","KEGG: hsa04080"
"382","Liver epithelial cells 6","Liver epithelial cells 6","F2","PARD3",5.88007807292783e-06,0,"F2_PARD3","F2 - PARD3","PARs","Secreted Signaling","KEGG: hsa04080"
"383","Liver epithelial cells 1","Endothelial cells","F2","PARD3",0.000808659865463988,0,"F2_PARD3","F2 - PARD3","PARs","Secreted Signaling","KEGG: hsa04080"
"384","Liver epithelial cells 2","Endothelial cells","F2","PARD3",0.000531720654687964,0,"F2_PARD3","F2 - PARD3","PARs","Secreted Signaling","KEGG: hsa04080"
"385","Liver epithelial cells 3","Endothelial cells","F2","PARD3",0.000356233771126424,0,"F2_PARD3","F2 - PARD3","PARs","Secreted Signaling","KEGG: hsa04080"
"386","Liver epithelial cells 4","Endothelial cells","F2","PARD3",8.48175645539104e-05,0,"F2_PARD3","F2 - PARD3","PARs","Secreted Signaling","KEGG: hsa04080"
"387","Liver epithelial cells 1","Stellate cells","F2","PARD3",0.00144928262458153,0,"F2_PARD3","F2 - PARD3","PARs","Secreted Signaling","KEGG: hsa04080"
"388","Liver epithelial cells 2","Stellate cells","F2","PARD3",0.000952951344417497,0,"F2_PARD3","F2 - PARD3","PARs","Secreted Signaling","KEGG: hsa04080"
"389","Liver epithelial cells 3","Stellate cells","F2","PARD3",0.000638443227903302,0,"F2_PARD3","F2 - PARD3","PARs","Secreted Signaling","KEGG: hsa04080"
"390","Liver epithelial cells 4","Stellate cells","F2","PARD3",0.000152010292357929,0,"F2_PARD3","F2 - PARD3","PARs","Secreted Signaling","KEGG: hsa04080"
"391","Liver epithelial cells 5","Stellate cells","F2","PARD3",0.00012273922085894,0,"F2_PARD3","F2 - PARD3","PARs","Secreted Signaling","KEGG: hsa04080"
"392","Liver epithelial cells 6","Stellate cells","F2","PARD3",4.91382107854701e-05,0,"F2_PARD3","F2 - PARD3","PARs","Secreted Signaling","KEGG: hsa04080"
"393","Liver epithelial cells 1","Lymphocytes","F2","PARD3",0.000286542175411527,0,"F2_PARD3","F2 - PARD3","PARs","Secreted Signaling","KEGG: hsa04080"
"394","Liver epithelial cells 2","Lymphocytes","F2","PARD3",0.000188410974270511,0,"F2_PARD3","F2 - PARD3","PARs","Secreted Signaling","KEGG: hsa04080"
"395","Liver epithelial cells 3","Lymphocytes","F2","PARD3",0.000126228596339512,0,"F2_PARD3","F2 - PARD3","PARs","Secreted Signaling","KEGG: hsa04080"
"396","Liver epithelial cells 4","Lymphocytes","F2","PARD3",3.00544276998837e-05,0,"F2_PARD3","F2 - PARD3","PARs","Secreted Signaling","KEGG: hsa04080"
"397","Liver epithelial cells 6","Lymphocytes","F2","PARD3",9.71526848903217e-06,0.01,"F2_PARD3","F2 - PARD3","PARs","Secreted Signaling","KEGG: hsa04080"
"398","Liver epithelial cells 1","Cholangiocyte cells","F2","PARD3",0.00230261741295716,0,"F2_PARD3","F2 - PARD3","PARs","Secreted Signaling","KEGG: hsa04080"
"399","Liver epithelial cells 2","Cholangiocyte cells","F2","PARD3",0.00151404724112404,0,"F2_PARD3","F2 - PARD3","PARs","Secreted Signaling","KEGG: hsa04080"
"400","Liver epithelial cells 3","Cholangiocyte cells","F2","PARD3",0.00101435735778534,0,"F2_PARD3","F2 - PARD3","PARs","Secreted Signaling","KEGG: hsa04080"
"401","Liver epithelial cells 4","Cholangiocyte cells","F2","PARD3",0.000241513656615557,0,"F2_PARD3","F2 - PARD3","PARs","Secreted Signaling","KEGG: hsa04080"
"402","Liver epithelial cells 5","Cholangiocyte cells","F2","PARD3",0.000195540839002253,0,"F2_PARD3","F2 - PARD3","PARs","Secreted Signaling","KEGG: hsa04080"
"403","Liver epithelial cells 6","Cholangiocyte cells","F2","PARD3",7.80706936501451e-05,0,"F2_PARD3","F2 - PARD3","PARs","Secreted Signaling","KEGG: hsa04080"
"404","Liver epithelial cells 1","Liver epithelial cells 1","PLG","PARD3",0.0095716222741524,0,"PLG_PARD3","PLG - PARD3","PARs","Secreted Signaling","KEGG: hsa04080"
"405","Liver epithelial cells 2","Liver epithelial cells 1","PLG","PARD3",0.00356191822191908,0,"PLG_PARD3","PLG - PARD3","PARs","Secreted Signaling","KEGG: hsa04080"
"406","Liver epithelial cells 4","Liver epithelial cells 1","PLG","PARD3",0.00100393468848334,0,"PLG_PARD3","PLG - PARD3","PARs","Secreted Signaling","KEGG: hsa04080"
"407","Liver epithelial cells 5","Liver epithelial cells 1","PLG","PARD3",0.00125154335014651,0,"PLG_PARD3","PLG - PARD3","PARs","Secreted Signaling","KEGG: hsa04080"
"408","Liver epithelial cells 6","Liver epithelial cells 1","PLG","PARD3",0.000183667602144214,0,"PLG_PARD3","PLG - PARD3","PARs","Secreted Signaling","KEGG: hsa04080"
"409","Liver epithelial cells 1","Liver epithelial cells 2","PLG","PARD3",0.00686139260579109,0,"PLG_PARD3","PLG - PARD3","PARs","Secreted Signaling","KEGG: hsa04080"
"410","Liver epithelial cells 2","Liver epithelial cells 2","PLG","PARD3",0.00257032040521319,0,"PLG_PARD3","PLG - PARD3","PARs","Secreted Signaling","KEGG: hsa04080"
"411","Liver epithelial cells 3","Liver epithelial cells 2","PLG","PARD3",0.00155783174575676,0,"PLG_PARD3","PLG - PARD3","PARs","Secreted Signaling","KEGG: hsa04080"
"412","Liver epithelial cells 4","Liver epithelial cells 2","PLG","PARD3",0.000719667978003944,0,"PLG_PARD3","PLG - PARD3","PARs","Secreted Signaling","KEGG: hsa04080"
"413","Liver epithelial cells 5","Liver epithelial cells 2","PLG","PARD3",0.000901079506296754,0,"PLG_PARD3","PLG - PARD3","PARs","Secreted Signaling","KEGG: hsa04080"
"414","Liver epithelial cells 6","Liver epithelial cells 2","PLG","PARD3",0.000132536615428948,0,"PLG_PARD3","PLG - PARD3","PARs","Secreted Signaling","KEGG: hsa04080"
"415","Liver epithelial cells 1","Liver epithelial cells 3","PLG","PARD3",0.00454447495342538,0,"PLG_PARD3","PLG - PARD3","PARs","Secreted Signaling","KEGG: hsa04080"
"416","Liver epithelial cells 2","Liver epithelial cells 3","PLG","PARD3",0.00170083111369065,0,"PLG_PARD3","PLG - PARD3","PARs","Secreted Signaling","KEGG: hsa04080"
"417","Liver epithelial cells 3","Liver epithelial cells 3","PLG","PARD3",0.00103072858271379,0,"PLG_PARD3","PLG - PARD3","PARs","Secreted Signaling","KEGG: hsa04080"
"418","Liver epithelial cells 4","Liver epithelial cells 3","PLG","PARD3",0.000476654418238778,0,"PLG_PARD3","PLG - PARD3","PARs","Secreted Signaling","KEGG: hsa04080"
"419","Liver epithelial cells 5","Liver epithelial cells 3","PLG","PARD3",0.000596449343993221,0,"PLG_PARD3","PLG - PARD3","PARs","Secreted Signaling","KEGG: hsa04080"
"420","Liver epithelial cells 6","Liver epithelial cells 3","PLG","PARD3",8.77020618781998e-05,0,"PLG_PARD3","PLG - PARD3","PARs","Secreted Signaling","KEGG: hsa04080"
"421","Liver epithelial cells 1","Liver epithelial cells 4","PLG","PARD3",0.000959161852136708,0,"PLG_PARD3","PLG - PARD3","PARs","Secreted Signaling","KEGG: hsa04080"
"422","Liver epithelial cells 4","Liver epithelial cells 4","PLG","PARD3",0.000100603202638942,0,"PLG_PARD3","PLG - PARD3","PARs","Secreted Signaling","KEGG: hsa04080"
"423","Liver epithelial cells 5","Liver epithelial cells 4","PLG","PARD3",0.000125147055534549,0,"PLG_PARD3","PLG - PARD3","PARs","Secreted Signaling","KEGG: hsa04080"
"424","Liver epithelial cells 1","Liver epithelial cells 5","PLG","PARD3",0.00139150137190081,0,"PLG_PARD3","PLG - PARD3","PARs","Secreted Signaling","KEGG: hsa04080"
"425","Liver epithelial cells 4","Liver epithelial cells 5","PLG","PARD3",0.000145949814598914,0,"PLG_PARD3","PLG - PARD3","PARs","Secreted Signaling","KEGG: hsa04080"
"426","Liver epithelial cells 5","Liver epithelial cells 5","PLG","PARD3",0.000180162295052008,0,"PLG_PARD3","PLG - PARD3","PARs","Secreted Signaling","KEGG: hsa04080"
"427","Liver epithelial cells 1","Liver epithelial cells 6","PLG","PARD3",0.000337865407519452,0,"PLG_PARD3","PLG - PARD3","PARs","Secreted Signaling","KEGG: hsa04080"
"428","Liver epithelial cells 2","Liver epithelial cells 6","PLG","PARD3",0.000126110238847184,0,"PLG_PARD3","PLG - PARD3","PARs","Secreted Signaling","KEGG: hsa04080"
"429","Liver epithelial cells 4","Liver epithelial cells 6","PLG","PARD3",3.54375457923484e-05,0,"PLG_PARD3","PLG - PARD3","PARs","Secreted Signaling","KEGG: hsa04080"
"430","Liver epithelial cells 5","Liver epithelial cells 6","PLG","PARD3",4.42653976984952e-05,0,"PLG_PARD3","PLG - PARD3","PARs","Secreted Signaling","KEGG: hsa04080"
"431","Liver epithelial cells 6","Liver epithelial cells 6","PLG","PARD3",6.50277848389711e-06,0,"PLG_PARD3","PLG - PARD3","PARs","Secreted Signaling","KEGG: hsa04080"
"432","Liver epithelial cells 1","Stellate cells","PLG","PARD3",0.00281551180641863,0,"PLG_PARD3","PLG - PARD3","PARs","Secreted Signaling","KEGG: hsa04080"
"433","Liver epithelial cells 2","Stellate cells","PLG","PARD3",0.00105353718929187,0,"PLG_PARD3","PLG - PARD3","PARs","Secreted Signaling","KEGG: hsa04080"
"434","Liver epithelial cells 3","Stellate cells","PLG","PARD3",0.000638443227903302,0,"PLG_PARD3","PLG - PARD3","PARs","Secreted Signaling","KEGG: hsa04080"
"435","Liver epithelial cells 4","Stellate cells","PLG","PARD3",0.000295309393469391,0,"PLG_PARD3","PLG - PARD3","PARs","Secreted Signaling","KEGG: hsa04080"
"436","Liver epithelial cells 5","Stellate cells","PLG","PARD3",0.000369480406174373,0,"PLG_PARD3","PLG - PARD3","PARs","Secreted Signaling","KEGG: hsa04080"
"437","Liver epithelial cells 6","Stellate cells","PLG","PARD3",5.43248433207259e-05,0,"PLG_PARD3","PLG - PARD3","PARs","Secreted Signaling","KEGG: hsa04080"
"438","Liver epithelial cells 1","Cholangiocyte cells","PLG","PARD3",0.00445198740605858,0,"PLG_PARD3","PLG - PARD3","PARs","Secreted Signaling","KEGG: hsa04080"
"439","Liver epithelial cells 2","Cholangiocyte cells","PLG","PARD3",0.00167296195574646,0,"PLG_PARD3","PLG - PARD3","PARs","Secreted Signaling","KEGG: hsa04080"
"440","Liver epithelial cells 3","Cholangiocyte cells","PLG","PARD3",0.00101435735778534,0,"PLG_PARD3","PLG - PARD3","PARs","Secreted Signaling","KEGG: hsa04080"
"441","Liver epithelial cells 4","Cholangiocyte cells","PLG","PARD3",0.000466953716059482,0,"PLG_PARD3","PLG - PARD3","PARs","Secreted Signaling","KEGG: hsa04080"
"442","Liver epithelial cells 5","Cholangiocyte cells","PLG","PARD3",0.000585861812055332,0,"PLG_PARD3","PLG - PARD3","PARs","Secreted Signaling","KEGG: hsa04080"
"443","Liver epithelial cells 6","Cholangiocyte cells","PLG","PARD3",8.62650099599696e-05,0,"PLG_PARD3","PLG - PARD3","PARs","Secreted Signaling","KEGG: hsa04080"
"444","Stellate cells","Liver epithelial cells 1","HGF","MET",0.000222659769607098,0,"HGF_MET","HGF - MET","HGF","Secreted Signaling","PMID: 28475121"
"445","Stellate cells","Liver epithelial cells 2","HGF","MET",0.00014640617585272,0,"HGF_MET","HGF - MET","HGF","Secreted Signaling","PMID: 28475121"
"446","Stellate cells","Liver epithelial cells 3","HGF","MET",2.76048233248432e-05,0,"HGF_MET","HGF - MET","HGF","Secreted Signaling","PMID: 28475121"
"447","Stellate cells","Liver epithelial cells 4","HGF","MET",2.33540208791899e-05,0,"HGF_MET","HGF - MET","HGF","Secreted Signaling","PMID: 28475121"
"448","Stellate cells","Liver epithelial cells 5","HGF","MET",1.14688920827283e-05,0,"HGF_MET","HGF - MET","HGF","Secreted Signaling","PMID: 28475121"
"449","Stellate cells","Liver epithelial cells 6","HGF","MET",7.5493230283893e-06,0,"HGF_MET","HGF - MET","HGF","Secreted Signaling","PMID: 28475121"
"450","Stellate cells","Cholangiocyte cells","HGF","MET",0.000101884552398786,0,"HGF_MET","HGF - MET","HGF","Secreted Signaling","PMID: 28475121"
"451","Cholangiocyte cells","Endothelial cells","SEMA3E","PLXND1",2.38332968644936e-05,0,"SEMA3E_PLXND1","SEMA3E - PLXND1","SEMA3","Secreted Signaling","PMID: 22325954"
"452","Liver epithelial cells 1","Stellate cells","PROS1","AXL",0.000202816284511632,0,"PROS1_AXL","PROS1 - AXL","PROS","Secreted Signaling","PMID: 29531161"
"453","Liver epithelial cells 2","Stellate cells","PROS1","AXL",9.27921311505388e-05,0,"PROS1_AXL","PROS1 - AXL","PROS","Secreted Signaling","PMID: 29531161"
"454","Liver epithelial cells 3","Stellate cells","PROS1","AXL",6.21674003429726e-05,0,"PROS1_AXL","PROS1 - AXL","PROS","Secreted Signaling","PMID: 29531161"
"455","Liver epithelial cells 4","Stellate cells","PROS1","AXL",1.65005356937073e-05,0,"PROS1_AXL","PROS1 - AXL","PROS","Secreted Signaling","PMID: 29531161"
"456","Liver epithelial cells 5","Stellate cells","PROS1","AXL",1.14688920827283e-05,0,"PROS1_AXL","PROS1 - AXL","PROS","Secreted Signaling","PMID: 29531161"
"457","Liver epithelial cells 6","Stellate cells","PROS1","AXL",5.33389409633794e-06,0,"PROS1_AXL","PROS1 - AXL","PROS","Secreted Signaling","PMID: 29531161"
"458","Endothelial cells","Stellate cells","PROS1","AXL",1.58778546721483e-05,0,"PROS1_AXL","PROS1 - AXL","PROS","Secreted Signaling","PMID: 29531161"
"459","Stellate cells","Stellate cells","PROS1","AXL",1.71447453835543e-05,0,"PROS1_AXL","PROS1 - AXL","PROS","Secreted Signaling","PMID: 29531161"
"460","Neutrophils and macrophages","Stellate cells","PROS1","AXL",1.03899685549756e-05,0,"PROS1_AXL","PROS1 - AXL","PROS","Secreted Signaling","PMID: 29531161"
"461","Liver epithelial cells 1","Neutrophils and macrophages","PROS1","AXL",0.000194558979614724,0,"PROS1_AXL","PROS1 - AXL","PROS","Secreted Signaling","PMID: 29531161"
"462","Liver epithelial cells 2","Neutrophils and macrophages","PROS1","AXL",8.90142642953757e-05,0,"PROS1_AXL","PROS1 - AXL","PROS","Secreted Signaling","PMID: 29531161"
"463","Liver epithelial cells 3","Neutrophils and macrophages","PROS1","AXL",5.96363650244028e-05,0,"PROS1_AXL","PROS1 - AXL","PROS","Secreted Signaling","PMID: 29531161"
"464","Liver epithelial cells 4","Neutrophils and macrophages","PROS1","AXL",1.58287456818089e-05,0,"PROS1_AXL","PROS1 - AXL","PROS","Secreted Signaling","PMID: 29531161"
"465","Liver epithelial cells 5","Neutrophils and macrophages","PROS1","AXL",1.10019565061061e-05,0,"PROS1_AXL","PROS1 - AXL","PROS","Secreted Signaling","PMID: 29531161"
"466","Liver epithelial cells 6","Neutrophils and macrophages","PROS1","AXL",5.11673406923592e-06,0,"PROS1_AXL","PROS1 - AXL","PROS","Secreted Signaling","PMID: 29531161"
"467","Endothelial cells","Neutrophils and macrophages","PROS1","AXL",1.52314160123907e-05,0,"PROS1_AXL","PROS1 - AXL","PROS","Secreted Signaling","PMID: 29531161"
"468","Stellate cells","Neutrophils and macrophages","PROS1","AXL",1.64467275180129e-05,0,"PROS1_AXL","PROS1 - AXL","PROS","Secreted Signaling","PMID: 29531161"
"469","Neutrophils and macrophages","Neutrophils and macrophages","PROS1","AXL",9.96695943401521e-06,0,"PROS1_AXL","PROS1 - AXL","PROS","Secreted Signaling","PMID: 29531161"
